time,phase,hold_err,target_err,ori_dotY,base_x
0.0,hold,1.2336398988357162,1.2648237570197973,0.0,-0.7993713488945331
0.01,hold,1.2286453532889985,1.2598305524550755,-4.401167961885713e-08,-0.7937978867477836
0.020000000000000004,hold,1.2306466610279538,1.2616501549288415,-4.0169134920786757e-07,-0.7966781356286485
0.030000000000000013,hold,1.2195931615556779,1.2505746195051386,-8.777939738569826e-07,-0.7847814368893128
0.04000000000000002,hold,1.2233626814824268,1.25513409502883,2.05265151795108e-06,-0.7882395296754472
0.05000000000000003,hold,1.2210649360416563,1.2527246426817673,1.9745004455344617e-05,-0.7873461978899199
0.06000000000000004,hold,1.2218170826308803,1.2534507059006177,7.773914688244486e-05,-0.7903366959518926
0.07000000000000005,hold,1.2173723775155256,1.2492462332442587,0.0002203562633289768,-0.7875362107582645
0.08000000000000006,hold,1.210535257475919,1.2425477115575587,0.0004941927515670222,-0.7829326716802302
0.09000000000000007,hold,1.2013291074537649,1.2332473275565325,0.000936803385549495,-0.7768888441885059
0.10000000000000007,hold,1.1932366922316293,1.225066509514677,0.0015777166327705667,-0.7728810199440994
0.11000000000000008,hold,1.185929550374654,1.2179134545405956,0.002438718775747761,-0.7701069271382903
0.12000000000000009,hold,1.1757496019446525,1.2079974197965908,0.0035342940057811307,-0.764769371093236
0.1300000000000001,hold,1.167527214451688,1.2001218804637885,0.004872990762071755,-0.7624807835203844
0.1400000000000001,hold,1.1575122367232702,1.1902620628942098,0.006457905052673716,-0.7596289219646181
0.1500000000000001,hold,1.1472049677697527,1.180153724587693,0.008273759562360926,-0.7574548596745408
0.16000000000000011,hold,1.1347155178012622,1.1677818782067106,0.010271645086710053,-0.7540752344296959
0.17000000000000012,hold,1.1211502345663296,1.1543677141304298,0.012422995253180571,-0.7503464939263923
0.18000000000000013,hold,1.1079379003000487,1.1413293398184021,0.014698241717034218,-0.7476959331044574
0.19000000000000014,hold,1.0926535159180237,1.1260540040511724,0.017076322369441187,-0.7435110415946364
0.20000000000000015,hold,1.0789491698964342,1.112311339368999,0.019528623737670208,-0.7415238369058704
0.21000000000000016,hold,1.0632130464953486,1.0966833988953777,0.022014772825167242,-0.7369508097676266
0.22000000000000017,hold,1.048747114029785,1.0824033539466635,0.02448520626357889,-0.733588395314419
0.23000000000000018,hold,1.0332934269639975,1.0669224115780291,0.026900954141644565,-0.7292685283655453
0.24000000000000019,hold,1.0182145017220277,1.0518976219059026,0.0292437961260979,-0.7248630006108085
0.25000000000000017,hold,1.0050019054313593,1.0389487157638237,0.03149673615467082,-0.7217910910373626
0.2600000000000002,hold,0.9921167768843024,1.0261335656773691,0.03364532236897795,-0.719007882019642
0.2700000000000002,hold,0.980448807175521,1.014538976158508,0.03568152617089485,-0.7171369782440981
0.2800000000000002,hold,0.9680872453473324,1.0022648051449672,0.037601030098480474,-0.713922486489882
0.2900000000000002,hold,0.9572463035868022,0.9916018715747336,0.039404076589743375,-0.7118336639724725
0.3000000000000002,hold,0.9463656457195628,0.9809539600519678,0.04109379291070402,-0.7091506821535906
0.3100000000000002,hold,0.9345811033461212,0.9693828820238137,0.04267632885190789,-0.7050480815394158
0.32000000000000023,hold,0.9238610727550368,0.9588302607424894,0.04416033577233488,-0.7019385005955409
0.33000000000000024,hold,0.9126013426899793,0.9476407171788637,0.04555496860350397,-0.6980903401274003
0.34000000000000025,hold,0.9024972284473776,0.9378713414303477,0.046869551468714896,-0.6948850690585606
0.35000000000000026,hold,0.8924687778353568,0.9279425735234108,0.04811151318074605,-0.6920326204341881
0.36000000000000026,hold,0.882276538965295,0.9179732737609131,0.0492884927767656,-0.6886432841214523
0.3700000000000003,hold,0.8719092394891624,0.9078964448899786,0.050405075950997344,-0.6848529486492891
0.3800000000000003,hold,0.8624280943341548,0.8985013972788916,0.05146359003563602,-0.682439721523792
0.3900000000000003,hold,0.8525285557737734,0.8886383361264669,0.052464030803095724,-0.679613851159705
0.4000000000000003,hold,0.8428526029109907,0.8792027552019817,0.053402446982392576,-0.6767057748269415
0.4100000000000003,hold,0.8334191243364248,0.8700377848126141,0.054269294181189906,-0.6740687542894903
0.4200000000000003,hold,0.8241026659144641,0.8608638915251574,0.05505016656891107,-0.671834052240039
0.4300000000000003,hold,0.8139593889102489,0.8508634017716133,0.055713786115720615,-0.6686712937874381
0.44000000000000034,hold,0.8042558122894379,0.8412717802738219,0.056208285731966484,-0.6661339215764299
0.45000000000000034,hold,0.7943408125681553,0.831504170463983,0.056460674208392576,-0.6633532739667088
0.46000000000000035,hold,0.7846307571021548,0.8221104282336879,0.05638170834440296,-0.6606213836192031
0.47000000000000036,hold,0.774411024454422,0.8121161653949713,0.055897983850131006,-0.6575767002554708
0.48000000000000037,hold,0.764225217344968,0.8022755996275571,0.05506802018093389,-0.6545735968553659
0.4900000000000004,hold,0.7544256668106505,0.7928625170258,0.05391384446067868,-0.6521959139367521
0.5000000000000003,hold,0.7436591145175209,0.7823809784015432,0.0524520392401914,-0.6490238116638996
0.5100000000000003,hold,0.7333499731028783,0.7725164194031571,0.05069187675307841,-0.6461314029849807
0.5200000000000004,hold,0.7230208227093505,0.7627081633080304,0.04864586376866216,-0.6428229202870664
0.5300000000000004,hold,0.7136064192839325,0.7537253132391343,0.04633123935757199,-0.6401509474469878
0.5400000000000004,hold,0.705539170036222,0.7461455281412541,0.043775033345746936,-0.6380473907774044
0.5500000000000004,hold,0.6979967915480255,0.7391968743019578,0.04108683598625575,-0.6352608146293033
0.5600000000000004,hold,0.6913413241310935,0.7331842819110406,0.038444170099947314,-0.6322735982403574
0.5700000000000004,hold,0.685519482325615,0.7281042297660273,0.03605515153791768,-0.6290035558910168
0.5800000000000004,hold,0.6802178623099512,0.7234768876926216,0.03403832051817979,-0.6254862430857321
0.5900000000000004,hold,0.6757932977144099,0.7196937076424789,0.03234089646074953,-0.6222038396398141
0.6000000000000004,hold,0.6720106538962827,0.7165660796622935,0.030931203698413637,-0.6189570159316437
0.6100000000000004,hold,0.669062741674297,0.7143802230528958,0.029791370271074008,-0.6159715671083286
0.6200000000000004,hold,0.6663719268044981,0.7123880906691658,0.028910186497040902,-0.6130582996414315
0.6300000000000004,hold,0.6640395369470029,0.7106519462929167,0.028278866090311175,-0.6105786779700334
0.6400000000000005,hold,0.661575059614358,0.708850397084526,0.02788747100517351,-0.6077860122758777
0.6500000000000005,hold,0.6589896848416846,0.7068252144639,0.027722796589379574,-0.6051410275468888
0.6600000000000005,hold,0.6557417987853579,0.704086569238955,0.027768418427484884,-0.6020173768205028
0.6700000000000005,hold,0.652375255953151,0.7012229444191567,0.028004674246746082,-0.5990210461680601
0.6800000000000005,hold,0.6483632834414365,0.6977192186464892,0.02840866057346144,-0.5955672100743448
0.6900000000000005,hold,0.6449990958950654,0.6947792404178441,0.02895535325307205,-0.5933400600686971
0.7000000000000005,hold,0.6407188064254089,0.691004040969946,0.02961777020648402,-0.5902198820851515
0.7100000000000005,hold,0.6361466334573266,0.6869283839984818,0.030367839823156377,-0.5870949399503718
0.7200000000000005,hold,0.6313874203424372,0.6826932954002342,0.031177413563300324,-0.5839915330382273
0.7300000000000005,hold,0.6268849946519325,0.6786510003211792,0.03201765565285865,-0.581580569938398
0.7400000000000005,hold,0.621760328068465,0.6739367335532571,0.032859257203274844,-0.5788070332031544
0.7500000000000006,hold,0.6164074340754219,0.669050004571868,0.03367247088267704,-0.5758664808118699
0.7600000000000006,hold,0.6110720423508764,0.6641951691994311,0.034426158571490534,-0.5730932191550316
0.7700000000000006,hold,0.6054895760717287,0.6591540830940257,0.03508723645555457,-0.5700576892616542
0.7800000000000006,hold,0.5995873237763238,0.6537230199131157,0.03561978752826575,-0.5669294191442702
0.7900000000000006,hold,0.594167995994122,0.648863160098767,0.03598366845491358,-0.5642485375889019
0.8000000000000006,hold,0.5880842860624143,0.6432612777442217,0.036131357124695784,-0.5610514296121094
0.8100000000000006,hold,0.582195620681393,0.6378323097753714,0.03600337148785339,-0.558168704163016
0.8200000000000006,hold,0.5757388643391667,0.6318710744369287,0.03550129411290961,-0.5545925324854848
0.8300000000000006,hold,0.5697386653975892,0.6264050668868657,0.034557214734814275,-0.551542270455858
0.8400000000000006,hold,0.5628864512238118,0.6199916092698091,0.033206424149478365,-0.5480397107013268
0.8500000000000006,hold,0.555775933335559,0.6133525273985729,0.03155017884959825,-0.5447230786734273
0.8600000000000007,hold,0.5480330290180869,0.6060630190204045,0.029704784370585817,-0.5414611320488895
0.8700000000000007,hold,0.5396885759702044,0.5982068524284653,0.027779751859023115,-0.5382958968777455
0.8800000000000007,hold,0.5308388803722746,0.5897679411176715,0.02590062554009495,-0.5357347869822384
0.8900000000000007,hold,0.5212835389315787,0.5807283269867266,0.024200743791747727,-0.5332909609465661
0.9000000000000007,hold,0.5104849442371596,0.5705881327716902,0.022805311581907066,-0.5303359681406622
0.9100000000000007,hold,0.49850966635978683,0.5593150183249209,0.02183073091898379,-0.5271472409167347
0.9200000000000007,hold,0.48584000348864875,0.5473592566394556,0.021379011166652133,-0.5242619687966433
0.9300000000000007,hold,0.472421415974944,0.5346748627663791,0.02151008181988795,-0.5213841820542958
0.9400000000000007,hold,0.458576849215491,0.5217506318871253,0.022265802756589487,-0.5182690038703059
0.9500000000000007,hold,0.4449681358132201,0.5091066980206418,0.02367283874429798,-0.5158030372862862
0.9600000000000007,hold,0.43045828033280154,0.4956057443806586,0.02571148213113042,-0.5124692352162538
0.9700000000000008,hold,0.4160330271729116,0.4820822091220724,0.028328926127343293,-0.5095293612863573
0.9800000000000008,hold,0.40217834644964284,0.46925613476953276,0.031450551533190374,-0.506866993161804
0.9900000000000008,hold,0.3882823818610227,0.45634238243622527,0.03498830770715495,-0.5039677006169784
1.0000000000000007,hold,0.3749089669277109,0.4440149969281371,0.03884709722803528,-0.5011181001110593
1.0100000000000007,hold,0.36197600617692405,0.43199533210792984,0.042931853924958345,-0.4985256174096076
1.0200000000000007,hold,0.34919821548762375,0.42025840263177017,0.04716797845452049,-0.49524942189662796
1.0300000000000007,hold,0.3371059964666715,0.40921536380929835,0.05150687630705219,-0.49215929011540954
1.0400000000000007,hold,0.3252620472165031,0.3981879898652117,0.05591692414305097,-0.48924749521592753
1.0500000000000007,hold,0.3136191012348173,0.38728728827896913,0.06037898769554749,-0.48616400632424206
1.0600000000000007,hold,0.3027194406663832,0.3771988556253214,0.06488559618317752,-0.48333807635516013
1.0700000000000007,hold,0.2920376429379453,0.3673327796253473,0.0694393030074489,-0.48034262493637037
1.0800000000000007,hold,0.2817297792595798,0.3579223413011851,0.07405041461884386,-0.47729427620143877
1.0900000000000007,hold,0.27134820109853275,0.34812806485968395,0.07873374196553867,-0.4744845746055121
1.1000000000000008,hold,0.2616281321450599,0.3394252386564475,0.08350916660917505,-0.4714503307385856
1.1100000000000008,hold,0.251806234287069,0.33039976553531963,0.08839462350222989,-0.4685741244143696
1.1200000000000008,hold,0.24197807967092283,0.32133858691208533,0.09341057535924772,-0.4656526149294619
1.1300000000000008,hold,0.23217448873611976,0.31251580983105165,0.09857817439969305,-0.46231350353123746
1.1400000000000008,hold,0.2227696892497649,0.3041400910842808,0.10391787295708249,-0.4593901469296475
1.1500000000000008,hold,0.21349107411149554,0.2959642863548659,0.10944855985345758,-0.45652685569373513
1.1600000000000008,hold,0.2035608980866152,0.2869983635465408,0.11518892586041236,-0.45313410031939205
1.1700000000000008,hold,0.19437500097938754,0.2789702720907006,0.12116321295016408,-0.45043007314578787
1.1800000000000008,hold,0.18523520142009206,0.27100440307174833,0.12739095961490915,-0.447858392203203
1.1900000000000008,hold,0.17630025927646528,0.26326171400867887,0.13389316804816545,-0.44564243622192895
1.2000000000000008,hold,0.16663568817930013,0.254991107532211,0.1406912716310518,-0.4421904345438736
1.2100000000000009,hold,0.15708075387366052,0.24689786495677787,0.1478150550799242,-0.43887171743896636
1.2200000000000009,hold,0.14735280045127402,0.23868669091275074,0.1552964786499614,-0.43531154427915986
1.2300000000000009,hold,0.137628576735448,0.23021643745221504,0.16317426938895152,-0.43235646382538007
1.2400000000000009,hold,0.1284419977810737,0.22276511207227243,0.1714800948233235,-0.42938393076530035
1.2500000000000009,hold,0.11909124331199124,0.21514452240951695,0.18023588131332785,-0.4262653559340925
1.260000000000001,hold,0.1098649538212187,0.20787976688777313,0.18944329614612554,-0.42291184031769113
1.270000000000001,hold,0.10056864228358343,0.2004281802129856,0.19907900824199984,-0.41964009019360443
1.280000000000001,hold,0.09169591594804699,0.19349393211924015,0.2090910896772355,-0.4167812986320938
1.290000000000001,hold,0.08276291712325183,0.18632254750486843,0.21940696364777684,-0.4139635892777121
1.300000000000001,hold,0.07454648672639143,0.18024817181639674,0.22993399933029834,-0.41110596339721306
1.310000000000001,hold,0.0667850617514722,0.174608957127888,0.24057908035582853,-0.4083437997255765
1.320000000000001,hold,0.05942869966803997,0.16919676158380498,0.2512472456052881,-0.40528304609747823
1.330000000000001,hold,0.05302598867595899,0.16465756784213537,0.2618377355233553,-0.40239007178538566
1.340000000000001,hold,0.047665410104340625,0.16094740303688926,0.27222617603336474,-0.39971560270673967
1.350000000000001,hold,0.04335948783171406,0.15749142904572658,0.28223857416889253,-0.39588338839523796
1.360000000000001,hold,0.04053873105031155,0.155355500083383,0.29172461030664365,-0.39304755886077325
1.370000000000001,hold,0.03871388316561712,0.1535243581349426,0.300591453982911,-0.39026057830795097
1.380000000000001,hold,0.038226345867858495,0.15253874126424502,0.3087884911694458,-0.38718948015345034
1.390000000000001,hold,0.03812798646103231,0.15145732632831505,0.31629392412632634,-0.38448378147366585
1.400000000000001,hold,0.0392312985846514,0.15141158037788074,0.32311727570612325,-0.38129124205430787
1.410000000000001,hold,0.04065098339827806,0.15175568084489688,0.32928945938566756,-0.3782887934194616
1.420000000000001,hold,0.04166096846033376,0.15206580067324832,0.33486363418214526,-0.37603343812433493
1.430000000000001,hold,0.04332514084561497,0.1530061811656202,0.3399144845892068,-0.37324343166666546
1.440000000000001,hold,0.044940838185810066,0.15366967765774692,0.3445195629509796,-0.3703283016014277
1.450000000000001,hold,0.04668663417654954,0.1549899173911293,0.3487575260494129,-0.3675557845051847
1.460000000000001,hold,0.048563496486372176,0.15591081282864455,0.35271081195006593,-0.36427768550001227
1.470000000000001,hold,0.05004766152581539,0.15680528629053841,0.3564536908532331,-0.36144632837134805
1.480000000000001,hold,0.05164592602428359,0.1578171838140877,0.36006203464254516,-0.35842571459004136
1.490000000000001,hold,0.052886040613602185,0.15858893276466593,0.36360552591635054,-0.3556714728856726
1.500000000000001,hold,0.05461777652645068,0.15955414433117737,0.36715218589872484,-0.35223125198014243
1.5100000000000011,hold,0.056579327582639255,0.161556447580876,0.3707511583430559,-0.348979886828109
1.5200000000000011,hold,0.05793164551367213,0.16244412716322368,0.374448647719456,-0.3458168502052589
1.5300000000000011,hold,0.059132852616904596,0.16335591670965663,0.3782865012644879,-0.34277011144686087
1.5400000000000011,hold,0.06012384342402556,0.16389512966459296,0.38230473051176217,-0.3396686361017342
1.5500000000000012,hold,0.06099383447004941,0.16451275458063805,0.3865389428267424,-0.3366575383202573
1.5600000000000012,hold,0.062114562008693475,0.1652846621231613,0.3910235595348508,-0.33323555217982154
1.5700000000000012,hold,0.06287129537111229,0.1655581521399284,0.3957842578348002,-0.32988021847640603
1.5800000000000012,hold,0.06308188941375098,0.1656456033956291,0.40084545293477375,-0.3270398212859716
1.5900000000000012,hold,0.06297796777292386,0.16531833803825827,0.40624176429990455,-0.324227112997394
1.6000000000000012,hold,0.06311178226674136,0.16526595593555182,0.41201060731934036,-0.321060484610539
1.6100000000000012,hold,0.06261175393554026,0.1646967353439647,0.41818350002876353,-0.31829766354250105
1.6200000000000012,hold,0.06243013969976737,0.16425379627865017,0.4248046097105055,-0.31496166420428107
1.6300000000000012,hold,0.06192557002746113,0.16365983183223684,0.43190862741727165,-0.3117835184017374
1.6400000000000012,hold,0.061095961035474516,0.16283903646468467,0.4395400380301695,-0.30870721402997053
1.6500000000000012,hold,0.060199098115864824,0.16217680428773848,0.44775721105479105,-0.3055711737782253
1.6600000000000013,hold,0.05899254665814431,0.1610242173692402,0.456629808321081,-0.3023431099878401
1.6700000000000013,hold,0.05745008092459273,0.15968578807446926,0.4662420822265253,-0.29920062005419606
1.6800000000000013,hold,0.055680612648551606,0.158354136203685,0.47663902703977357,-0.2960733915458899
1.6900000000000013,hold,0.05388904578843448,0.15710152232822377,0.4878234944939406,-0.29271154610329725
1.7000000000000013,hold,0.051057227066596815,0.15502765777244482,0.49975831049769304,-0.2899738482391289
1.7100000000000013,hold,0.0486093001800465,0.15308237323114487,0.5123961576251169,-0.2865415230270684
1.7200000000000013,hold,0.045727102123495546,0.15145955015579657,0.5256795975158427,-0.2835929377000548
1.7300000000000013,hold,0.04268638496045409,0.14958202213713068,0.5395331745069374,-0.28062850562967684
1.7400000000000013,hold,0.04014081417181177,0.14789827600184569,0.5538597894356545,-0.2771465165953146
1.7500000000000013,hold,0.036802274202938585,0.14596350112652606,0.5685443259974852,-0.27456488875816815
1.7600000000000013,hold,0.03436438015014526,0.14535332359197678,0.5835147040617843,-0.27166085252236327
1.7700000000000014,hold,0.032895043059213966,0.14525054506870952,0.5982377160641913,-0.2682408003377396
1.7800000000000014,hold,0.03163958015804945,0.14567823720261303,0.6122528355869692,-0.2653403035773345
1.7900000000000014,hold,0.03141180273615802,0.14666724945804346,0.6252724892551155,-0.26210476040094616
1.8000000000000014,hold,0.03130387342160233,0.14789231823331264,0.6371400329503537,-0.2594876508250907
1.8100000000000014,hold,0.03280225900743857,0.1503586018162158,0.6479489978889825,-0.2562222749093938
1.8200000000000014,hold,0.03452231964428976,0.15313457362103555,0.6580445584061836,-0.2534509511073816
1.8300000000000014,hold,0.03669811317720079,0.1558827118373704,0.6677758649446206,-0.250415162874165
1.8400000000000014,hold,0.038429900047620015,0.15798484574175634,0.677482641477757,-0.24762560050553134
1.8500000000000014,hold,0.04037224672943252,0.16008551328301793,0.6874449728830014,-0.24452035108575482
1.8600000000000014,hold,0.04161871652426799,0.16121340428595096,0.6977264394923461,-0.24131712730523655
1.8700000000000014,hold,0.042330166934504816,0.16223115984798483,0.708185967580701,-0.23862339903220792
1.8800000000000014,hold,0.04260371466925224,0.16240798627758007,0.7187500658797084,-0.23536165212427967
1.8900000000000015,hold,0.04202112812909527,0.16182122424224954,0.7294436014976107,-0.23230486414077212
1.9000000000000015,hold,0.041049380257139036,0.16127117069853567,0.7403506812695555,-0.22961214940987637
1.9100000000000015,hold,0.03920140116104988,0.15968857075668896,0.7515438802143567,-0.22685062334519043
1.9200000000000015,hold,0.03692185160657767,0.15771378926977744,0.7630912359717836,-0.22406358281227484
1.9300000000000015,hold,0.034183723876547514,0.15532300357618595,0.7748285682587925,-0.22132012360687098
1.9400000000000015,hold,0.030959861647682437,0.1523479806255195,0.7866147251241811,-0.218577828787174
1.9500000000000015,hold,0.02822109648529074,0.14954861088876661,0.7982256421088085,-0.21533334162991377
1.9600000000000015,hold,0.025475571784863888,0.14676886077608042,0.8094325129212018,-0.21237120523917943
1.9700000000000015,hold,0.023183031938649592,0.14399462477878994,0.8200570541908208,-0.2092049230685997
1.9800000000000015,hold,0.02187733133506295,0.141828484005346,0.8299730999430166,-0.2057510324302748
1.9900000000000015,hold,0.020720067903120632,0.13947482314149034,0.8391068734493626,-0.20264880746204825
2.0000000000000013,hold,0.020068917463627607,0.13736209388989187,0.8474213085774496,-0.199748743106289
2.0100000000000002,attach,0.13509648993238832,0.13509648993238832,0.8549054859602611,-0.1971428488579027
2.019999999999999,attach,0.13343314149916272,0.13343314149916272,0.861533741304983,-0.19449971074952596
2.029999999999998,attach,0.13184243156292777,0.13184243156292777,0.8673616865993141,-0.19178585064697803
2.039999999999997,attach,0.13052069311629894,0.13052069311629894,0.8724769879969021,-0.18886125526783062
2.049999999999996,attach,0.12877290208795167,0.12877290208795167,0.8769724446099231,-0.18581368493127645
2.0599999999999947,attach,0.1277795886511014,0.1277795886511014,0.8809354115475461,-0.18287014358530831
2.0699999999999936,attach,0.1254721536495538,0.1254721536495538,0.8844326683080419,-0.18004523180930515
2.0799999999999925,attach,0.12255789330965682,0.12255789330965682,0.8876029786204405,-0.17712709020919065
2.0899999999999914,attach,0.11950558208630471,0.11950558208630471,0.8905429833019624,-0.17380578770223884
2.0999999999999903,attach,0.11529058622433233,0.11529058622433233,0.8933605201367845,-0.17118185144308684
2.109999999999989,attach,0.11115828544912852,0.11115828544912852,0.8961736004442373,-0.16783951219459525
2.119999999999988,attach,0.10659077515026569,0.10659077515026569,0.8990428156700556,-0.16422434470731423
2.129999999999987,attach,0.10112901981720797,0.10112901981720797,0.9019851679178892,-0.1615187163122087
2.139999999999986,attach,0.0957259862850103,0.0957259862850103,0.9049959244477586,-0.15819584866564443
2.149999999999985,attach,0.09014549006888398,0.09014549006888398,0.9080624434037903,-0.15464188010122287
2.1599999999999837,attach,0.08390968495922202,0.08390968495922202,0.911170928739301,-0.15137786950739818
2.1699999999999826,attach,0.07730076813053344,0.07730076813053344,0.9143144493372035,-0.14842674115109844
2.1799999999999815,attach,0.07039352891173703,0.07039352891173703,0.9174935765473353,-0.14584507479887301
2.1899999999999804,attach,0.06417445823957266,0.06417445823957266,0.9207178007601013,-0.14285739447331042
2.1999999999999793,attach,0.05786508132544847,0.05786508132544847,0.9239975849894536,-0.13964622957447306
2.209999999999978,attach,0.05156952413388867,0.05156952413388867,0.9273553556055038,-0.13643573174795726
2.219999999999977,attach,0.045722706373960885,0.045722706373960885,0.9308241192930996,-0.13314620067665872
2.229999999999976,attach,0.03994750849655781,0.03994750849655781,0.9344291084353256,-0.13031115364760482
2.239999999999975,attach,0.03470130816163524,0.03470130816163524,0.9381876541007161,-0.12716903893798623
2.249999999999974,attach,0.02968922767581678,0.02968922767581678,0.9419806753682481,-0.12410352074430814
2.2599999999999727,attach,0.025371406764901887,0.025371406764901887,0.9456383714711605,-0.12089144574962808
2.2699999999999716,attach,0.02141364208568624,0.02141364208568624,0.9490487455870378,-0.11801453545898705
2.2799999999999705,attach,0.01831378399979004,0.01831378399979004,0.9521227228217821,-0.11528413145290309
2.2899999999999694,attach,0.01674094878690426,0.01674094878690426,0.9547894972094912,-0.11232497907031974
2.2999999999999683,grasp success,0.015703047147496384,0.015703047147496384,0.957034886624254,-0.10969879901178331
2.309999999999967,grasp success,0.01613046789901471,0.01613046789901471,0.9588834759723615,-0.10699434708857826
2.319999999999966,grasp success,0.017215589651418898,0.017215589651418898,0.9604034129240571,-0.10369962236421758
2.329999999999965,grasp success,0.018012931379840162,0.018012931379840162,0.961676622966134,-0.10092755418043851
2.339999999999964,grasp success,0.01883937849778735,0.01883937849778735,0.9627679548935406,-0.09801059737576799
2.349999999999963,grasp success,0.019223418458061425,0.019223418458061425,0.9637313412826808,-0.09569862045958821
2.3599999999999617,grasp success,0.020449480246673844,0.020449480246673844,0.9645996012521446,-0.09273035726028317
2.3699999999999606,grasp success,0.02173929858666353,0.02173929858666353,0.9654186632752338,-0.08966421278042747
2.3799999999999595,grasp success,0.022685376389624125,0.022685376389624125,0.9662224439277793,-0.08675188717209499
2.3899999999999584,grasp success,0.02311324036463632,0.02311324036463632,0.9670251905721872,-0.08480064411708474
2.3999999999999573,grasp success,0.02466015079418677,0.02466015079418677,0.9678285181140829,-0.08159653108774237
2.409999999999956,grasp success,0.02574319010003328,0.02574319010003328,0.968656111986543,-0.0786811986909688
2.419999999999955,grasp success,0.02660717511720621,0.02660717511720621,0.9695121660068817,-0.07582253758314125
2.429999999999954,grasp success,0.02752522067877396,0.02752522067877396,0.9703930044827402,-0.07296083977826565
2.439999999999953,grasp success,0.028898919039007355,0.028898919039007355,0.9712986269730997,-0.06952521687907913
2.4499999999999518,grasp success,0.029577654904909222,0.029577654904909222,0.9722361326345937,-0.0666907469943851
2.4599999999999507,grasp success,0.030273952567985356,0.030273952567985356,0.9731996109873651,-0.06357347701813153
2.4699999999999496,grasp success,0.030965593778313868,0.030965593778313868,0.9741823052245691,-0.06020397576609196
2.4799999999999485,grasp success,0.031168538515080977,0.031168538515080977,0.9751764747952469,-0.057217123199411704
2.4899999999999474,grasp success,0.030803041971350156,0.030803041971350156,0.9761762174012683,-0.05453864016466931
2.4999999999999463,grasp success,0.03092523923195129,0.03092523923195129,0.9771683946799071,-0.05112692088652961
2.509999999999945,grasp success,0.030025048402541117,0.030025048402541117,0.9781475310305687,-0.04854632589175412
2.519999999999944,grasp success,0.029794448775615903,0.029794448775615903,0.9790968162012161,-0.04514977663083799
2.529999999999943,grasp success,0.02912533300520455,0.02912533300520455,0.9800126841166346,-0.042105237790521464
2.539999999999942,grasp success,0.028625002727371004,0.028625002727371004,0.9808893258331843,-0.038860518842658204
2.5499999999999408,grasp success,0.02784656010742281,0.02784656010742281,0.9817224454413452,-0.03590044383863659
2.5599999999999397,grasp success,0.027056415461128396,0.027056415461128396,0.9825096201900994,-0.03300875500202044
2.5699999999999386,grasp success,0.026879088033351515,0.026879088033351515,0.9832492011545579,-0.029607299071817774
2.5799999999999375,grasp success,0.02690185084943563,0.02690185084943563,0.9839440625206402,-0.02604397704014963
2.5899999999999364,grasp success,0.026098615032870198,0.026098615032870198,0.9846030827551371,-0.023497549823257524
2.5999999999999353,grasp success,0.025993696021172588,0.025993696021172588,0.9852243941582938,-0.02037332814283419
2.609999999999934,grasp success,0.025698506660901347,0.025698506660901347,0.9858105085411941,-0.017550711284210183
2.619999999999933,grasp success,0.02592725692728463,0.02592725692728463,0.9863637678753814,-0.014316199893492459
2.629999999999932,grasp success,0.02652023781696132,0.02652023781696132,0.9868888776432568,-0.01078929725034524
2.639999999999931,grasp success,0.026629400308002982,0.026629400308002982,0.9873928428985561,-0.0078080101491018175
2.6499999999999297,grasp success,0.027007520250604232,0.027007520250604232,0.9878795781372687,-0.004626367171797245
2.6599999999999286,grasp success,0.027113281320476957,0.027113281320476957,0.9883511788684172,-0.001713699099150552
2.6699999999999275,grasp success,0.02755606634326214,0.02755606634326214,0.9888091630630612,0.0015150463557963196
2.6799999999999264,grasp success,0.02731248625869563,0.02731248625869563,0.9892532140091413,0.004079784161628501
2.6899999999999253,grasp success,0.02718458535073143,0.02718458535073143,0.9896805020257041,0.006775263881617517
2.6999999999999242,grasp success,0.027240402700005533,0.027240402700005533,0.9900872386409142,0.009716693006645715
2.709999999999923,grasp success,0.02770033298426101,0.02770033298426101,0.990474785370349,0.013089035276315638
2.719999999999922,grasp success,0.028018319277263046,0.028018319277263046,0.9908461415987031,0.016319716456072508
2.729999999999921,grasp success,0.028058817512784637,0.028058817512784637,0.9912013957059409,0.019315644519441857
2.73999999999992,grasp success,0.028297408366519502,0.028297408366519502,0.9915415772541019,0.022554429206955256
2.7499999999999187,grasp success,0.028473911676980185,0.028473911676980185,0.9918683094575587,0.025769929827550622
2.7599999999999176,grasp success,0.028463421797698056,0.028463421797698056,0.9921818315457152,0.028855957918934066
2.7699999999999165,grasp success,0.02796335557002291,0.02796335557002291,0.9924827406687277,0.0314966089223682
2.7799999999999154,grasp success,0.02770318425645606,0.02770318425645606,0.9927689016598638,0.034402103722511665
2.7899999999999143,grasp success,0.027759690441616813,0.027759690441616813,0.9930380004091423,0.03766131865138409
2.7999999999999132,grasp success,0.027324452545517602,0.027324452545517602,0.993292236491265,0.040414764567685904
2.809999999999912,grasp success,0.02715430227857484,0.02715430227857484,0.9935313922530622,0.04344689131851269
2.819999999999911,grasp success,0.026945109303077332,0.026945109303077332,0.993758327460489,0.046393999422092685
2.82999999999991,grasp success,0.02719509567428591,0.02719509567428591,0.9939734474861619,0.04976545253688497
2.839999999999909,grasp success,0.027406934050828544,0.027406934050828544,0.9941790413564757,0.05304209471227204
2.8499999999999077,grasp success,0.02756416712289632,0.02756416712289632,0.9943756999154053,0.05622840034591522
2.8599999999999066,grasp success,0.027827512628235844,0.027827512628235844,0.9945643605389209,0.059491964842743265
2.8699999999999055,grasp success,0.027564356613536296,0.027564356613536296,0.9947454532949531,0.06223725979090199
2.8799999999999044,grasp success,0.02746624768044999,0.02746624768044999,0.9949194146450269,0.06514902088446202
2.8899999999999033,grasp success,0.027437891984714146,0.027437891984714146,0.9950856133606576,0.06813757349659096
2.899999999999902,grasp success,0.027755289358334573,0.027755289358334573,0.9952438571550193,0.07147051933985948
2.909999999999901,grasp success,0.02764487690342804,0.02764487690342804,0.9953951936839256,0.07438555281798073
2.9199999999999,grasp success,0.027554964211454886,0.027554964211454886,0.9955402269906003,0.0773146236200097
2.929999999999899,grasp success,0.027234457017731663,0.027234457017731663,0.9956785340485824,0.08003466742282497
2.939999999999898,grasp success,0.026870764761914783,0.026870764761914783,0.9958101663104579,0.08271717288499252
2.9499999999998967,grasp success,0.026404504853794294,0.026404504853794294,0.9959351084004203,0.08527225991239368
2.9599999999998956,grasp success,0.02641070156564162,0.02641070156564162,0.9960520538128818,0.08826863687477957
2.9699999999998945,grasp success,0.026618565037656694,0.026618565037656694,0.9961616895206802,0.09143438575218314
2.9799999999998934,grasp success,0.026442857264521485,0.026442857264521485,0.9962662250498673,0.09413122006499121
2.9899999999998923,grasp success,0.02614975198321667,0.02614975198321667,0.996364539425695,0.09669085828187973
2.999999999999891,grasp success,0.026039699326162555,0.026039699326162555,0.9964570031916278,0.09937542196413066
3.00999999999989,grasp success,0.026172228457931178,0.026172228457931178,0.9965436863717982,0.10232383351272406
3.019999999999889,grasp success,0.02651373701663598,0.02651373701663598,0.9966279796465876,0.10541423760862738
3.029999999999888,grasp success,0.0267326331771856,0.0267326331771856,0.9967057624189798,0.10848491435339394
3.039999999999887,grasp success,0.02619495724071931,0.02619495724071931,0.9967668086992657,0.1111263397035975
3.0499999999998857,grasp success,0.025797993946117512,0.025797993946117512,0.9968046811811528,0.11421959216664188
3.0599999999998846,grasp success,0.025048036282109047,0.025048036282109047,0.9968097954056105,0.11718630067006981
3.0699999999998835,grasp success,0.02414362206212898,0.02414362206212898,0.9967719052281295,0.12013635652738171
3.0799999999998824,grasp success,0.022622154136165327,0.022622154136165327,0.996684545674736,0.1224935819523661
3.0899999999998813,grasp success,0.022047993039430964,0.022047993039430964,0.9965466570590633,0.12566642462136576
3.09999999999988,grasp success,0.02195841748061707,0.02195841748061707,0.9963653238259724,0.12920344155459806
3.109999999999879,grasp success,0.02184982391035422,0.02184982391035422,0.9961465493597756,0.13247322939018644
3.119999999999878,grasp success,0.021353620153868415,0.021353620153868415,0.995894516331689,0.13529992277312186
3.129999999999877,grasp success,0.021193874430364867,0.021193874430364867,0.9956114905577824,0.1383307053585925
3.139999999999876,grasp success,0.02124538974421349,0.02124538974421349,0.9953008311768408,0.14126460768198468
3.1499999999998747,grasp success,0.02111169853042794,0.02111169853042794,0.9949653751625186,0.14389828161081358
3.1599999999998736,grasp success,0.021766918945107513,0.021766918945107513,0.9946060494578328,0.14727424976664094
3.1699999999998725,grasp success,0.02233405364910385,0.02233405364910385,0.9942211221731063,0.1504429592995558
3.1799999999998714,grasp success,0.023117329894068114,0.023117329894068114,0.9938035552059833,0.1539402241190099
3.1899999999998703,grasp success,0.023677308468181908,0.023677308468181908,0.9933420121048383,0.15728526783653587
3.199999999999869,grasp success,0.023714560554360088,0.023714560554360088,0.9928223800916283,0.1601321751664153
3.209999999999868,grasp success,0.023515649028248372,0.023515649028248372,0.992233845682398,0.16296664790657042
3.219999999999867,grasp success,0.02302367019646617,0.02302367019646617,0.9915720138614009,0.16580503449016185
3.229999999999866,grasp success,0.022717212866905104,0.022717212866905104,0.9908389469861595,0.16884401474209082
3.2399999999998648,grasp success,0.022581209272632186,0.022581209272632186,0.9900418646144431,0.17182340663891205
3.2499999999998637,grasp success,0.02212624918770947,0.02212624918770947,0.989188966798186,0.17468960349527043
3.2599999999998626,grasp success,0.022211258469726488,0.022211258469726488,0.9882733331042107,0.178077907356946
3.2699999999998615,grasp success,0.022120030051193614,0.022120030051193614,0.9873235790417658,0.1813488183057951
3.2799999999998604,grasp success,0.021948985044808397,0.021948985044808397,0.9863343053091904,0.18454906382644493
3.2899999999998593,grasp success,0.021632588359922846,0.021632588359922846,0.9853061504625455,0.18735166180103127
3.299999999999858,grasp success,0.02139712147958731,0.02139712147958731,0.984244366172663,0.19018065852845684
3.309999999999857,grasp success,0.02152624341095278,0.02152624341095278,0.9831552713611167,0.1938363390463453
3.319999999999856,grasp success,0.021359380568175178,0.021359380568175178,0.9820366193084789,0.1966087439115538
3.329999999999855,grasp success,0.021363019072453998,0.021363019072453998,0.9808898009259688,0.19955381817735424
3.3399999999998538,grasp success,0.02110275752590763,0.02110275752590763,0.9797142008057047,0.20226206742765043
3.3499999999998527,grasp success,0.021014501968196972,0.021014501968196972,0.9785093275185731,0.205214448851379
3.3599999999998515,grasp success,0.02085560759595025,0.02085560759595025,0.977279971471049,0.20830039620504473
3.3699999999998504,grasp success,0.02080900030365204,0.02080900030365204,0.9760266383834149,0.21099730439395942
3.3799999999998493,grasp success,0.020870193060284405,0.020870193060284405,0.9747504473642049,0.21407853001782395
3.3899999999998482,grasp success,0.020911341855444937,0.020911341855444937,0.9734474375178532,0.21706469823409727
3.399999999999847,grasp success,0.020552253951108723,0.020552253951108723,0.972112618077533,0.21974544110716365
3.409999999999846,grasp success,0.02084017067304452,0.02084017067304452,0.9707463672700933,0.2231117277611938
3.419999999999845,grasp success,0.020930968297673495,0.020930968297673495,0.9693443214276427,0.22634294208321254
3.429999999999844,grasp success,0.02123604343014657,0.02123604343014657,0.9678965705297249,0.22971227727736943
3.4399999999998427,grasp success,0.021349875549701653,0.021349875549701653,0.9663895395879961,0.2328246578740386
3.4499999999998416,grasp success,0.02084468275416409,0.02084468275416409,0.9648109641807888,0.23558182004635697
3.4599999999998405,grasp success,0.02072252779776199,0.02072252779776199,0.9631633902110672,0.23826884589248037
3.4699999999998394,grasp success,0.020766258859390697,0.020766258859390697,0.9614605921487234,0.2416175247911206
3.4799999999998383,grasp success,0.020673100026699486,0.020673100026699486,0.9597054725652845,0.24451556126268822
3.4899999999998372,grasp success,0.020292225088701862,0.020292225088701862,0.9579299833836876,0.24745270331948288
3.499999999999836,grasp success,0.02039558320205369,0.02039558320205369,0.9560650704214786,0.2507856005457016
3.509999999999835,grasp success,0.019737676949161984,0.019737676949161984,0.9542168928048552,0.2530688579272304
3.519999999999834,grasp success,0.019680576234430994,0.019680576234430994,0.9522985249592923,0.2561033135156894
3.529999999999833,grasp success,0.019525967746145005,0.019525967746145005,0.9504253497567363,0.25913916290761185
3.5399999999998317,grasp success,0.019480320304158368,0.019480320304158368,0.9485204830219046,0.2621003368842539
3.5499999999998306,grasp success,0.019357214192755427,0.019357214192755427,0.9466174258791841,0.265020725118785
3.5599999999998295,grasp success,0.019455216037822493,0.019455216037822493,0.9447149370151646,0.2683613729179304
3.5699999999998284,grasp success,0.01919047994851845,0.01919047994851845,0.942837482755601,0.27125206395873247
3.5799999999998273,grasp success,0.01945101516559506,0.01945101516559506,0.9409097337664662,0.27439051046318463
3.589999999999826,grasp success,0.019729800888265873,0.019729800888265873,0.9389620491453408,0.2775270095796723
3.599999999999825,grasp success,0.01990358501847322,0.01990358501847322,0.9369758379168314,0.2806298099070178
3.609999999999824,grasp success,0.019991520940210134,0.019991520940210134,0.934972891804094,0.2837385448232015
3.619999999999823,grasp success,0.020136077852999843,0.020136077852999843,0.9328487195953186,0.2870402790696432
3.629999999999822,grasp success,0.01990264449415662,0.01990264449415662,0.9306394087146744,0.2896041517942241
3.6399999999998207,grasp success,0.02000301597967311,0.02000301597967311,0.9283973708829942,0.2930907299536699
3.6499999999998196,grasp success,0.01973646795553228,0.01973646795553228,0.9260242642687251,0.29602638650316465
3.6599999999998185,grasp success,0.019480793398952277,0.019480793398952277,0.923586122267378,0.2988864879567554
3.6699999999998174,grasp success,0.019059397334566023,0.019059397334566023,0.9211505863246845,0.30151312285910103
3.6799999999998163,grasp success,0.01858810741241881,0.01858810741241881,0.9186437788677867,0.30408819621888944
3.689999999999815,grasp success,0.018166918420970127,0.018166918420970127,0.9161549969086811,0.3067520681858532
3.699999999999814,grasp success,0.018006692960652392,0.018006692960652392,0.9137577506270234,0.3092787907367449
3.709999999999813,grasp success,0.01788305095665798,0.01788305095665798,0.9113823778679457,0.31243221584862413
3.719999999999812,grasp success,0.017816863271039002,0.017816863271039002,0.9090786252591095,0.31527794560591416
3.729999999999811,grasp success,0.017745834318776344,0.017745834318776344,0.9068859784895938,0.318102760882938
3.7399999999998097,grasp success,0.018047821466112782,0.018047821466112782,0.9047012773792275,0.3213306733304135
3.7499999999998086,grasp success,0.018453574000487753,0.018453574000487753,0.9025981835142899,0.32447424910461425
3.7599999999998075,grasp success,0.01880617395453264,0.01880617395453264,0.9004328775642729,0.32786387787719806
3.7699999999998064,grasp success,0.019477856526806246,0.019477856526806246,0.8982182985979154,0.3313428486351333
3.7799999999998053,grasp success,0.02000892414762021,0.02000892414762021,0.8959681406303357,0.3344879632661772
3.789999999999804,grasp success,0.020209095336208738,0.020209095336208738,0.8934874838918327,0.3375275772010088
3.799999999999803,grasp success,0.020145611995520316,0.020145611995520316,0.890820891069336,0.3403063695313297
3.809999999999802,grasp success,0.019976080427804063,0.019976080427804063,0.8880410284912392,0.34334030858341036
3.819999999999801,grasp success,0.020005545955016673,0.020005545955016673,0.885012046833374,0.3469091290778129
3.8299999999998,grasp success,0.019603266119577467,0.019603266119577467,0.8818395540948797,0.34988203100386717
3.8399999999997987,grasp success,0.019113930730562705,0.019113930730562705,0.8786361891382337,0.35264488722834664
3.8499999999997976,grasp success,0.018807929166063008,0.018807929166063008,0.8753032170352346,0.355824751769814
3.8599999999997965,grasp success,0.018166296608213353,0.018166296608213353,0.8720349409812934,0.35814701655873693
3.8699999999997954,grasp success,0.017665401751383238,0.017665401751383238,0.8687519525420496,0.36104077614650787
3.8799999999997943,grasp success,0.01751494273430775,0.01751494273430775,0.865577388263847,0.3641997925593921
3.889999999999793,grasp success,0.017432170643829327,0.017432170643829327,0.8625904442884875,0.3669017257354305
3.899999999999792,grasp success,0.017040516797156353,0.017040516797156353,0.8596787149319352,0.36956629339122266
3.909999999999791,grasp success,0.01703039601572701,0.01703039601572701,0.8569582966015735,0.37225582527600376
3.91999999999979,grasp success,0.017046750617038316,0.017046750617038316,0.8543637055231006,0.3752236328840737
3.9299999999997888,grasp success,0.01713324265288058,0.01713324265288058,0.8518212394418418,0.3782243161285016
3.9399999999997877,grasp success,0.017230174183025165,0.017230174183025165,0.8494211012471142,0.3810529667847528
3.9499999999997866,grasp success,0.017662741387771626,0.017662741387771626,0.8470094278627193,0.3842716317425304
3.9599999999997855,grasp success,0.017865208827071023,0.017865208827071023,0.8446739508634384,0.3870001020346093
3.9699999999997844,grasp success,0.018227617962517706,0.018227617962517706,0.842229931478673,0.39024373065125506
3.9799999999997833,grasp success,0.018433079066644563,0.018433079066644563,0.8397896247843382,0.39312632637018846
3.989999999999782,grasp success,0.018535720439083067,0.018535720439083067,0.8371574649307664,0.39579601612484894
3.999999999999781,grasp success,0.018682617909923142,0.018682617909923142,0.8344121050524493,0.3986282909999899
4.00999999999978,grasp success,0.018865276128757706,0.018865276128757706,0.8316325835896967,0.4016605319079305
4.019999999999779,grasp success,0.018880309411638017,0.018880309411638017,0.8286279576360119,0.40462057206603913
4.029999999999778,grasp success,0.018892116610303582,0.018892116610303582,0.8255927837210724,0.40763812152503986
4.039999999999777,grasp success,0.01874636730223531,0.01874636730223531,0.8223442704908591,0.41048695449808953
4.049999999999776,grasp success,0.018740556400196916,0.018740556400196916,0.819012463304292,0.41374036361403826
4.059999999999775,grasp success,0.018821412088525367,0.018821412088525367,0.8157056327919003,0.4172534810540336
4.069999999999774,grasp success,0.01868884124535482,0.01868884124535482,0.8122375719463003,0.42042484044403444
4.079999999999773,grasp success,0.018506035046210022,0.018506035046210022,0.8088222345325606,0.4235130829761924
4.089999999999772,grasp success,0.018427587581974596,0.018427587581974596,0.8052829281100893,0.4268411749546847
4.0999999999997705,grasp success,0.01837308002524003,0.01837308002524003,0.801837800383427,0.4301813492221331
4.109999999999769,grasp success,0.018094643921896456,0.018094643921896456,0.7983020984178137,0.43304825050239115
4.119999999999768,grasp success,0.017854465317060766,0.017854465317060766,0.7948968669073728,0.4359079920200076
4.129999999999767,grasp success,0.017680265105104037,0.017680265105104037,0.7914551749891272,0.43888458158607463
4.139999999999766,grasp success,0.017578841755031993,0.017578841755031993,0.788185528236919,0.44188357725906124
4.149999999999765,grasp success,0.01750405948959573,0.01750405948959573,0.7849990034843632,0.4449452992874295
4.159999999999764,grasp success,0.017363646670442053,0.017363646670442053,0.7818104497431375,0.4477055208050432
4.169999999999763,grasp success,0.017358158803011,0.017358158803011,0.7788009568535008,0.4507001122484126
4.179999999999762,grasp success,0.01740834307136419,0.01740834307136419,0.7757807534968366,0.45369769974642493
4.189999999999761,grasp success,0.017393715382608695,0.017393715382608695,0.7729160567132123,0.4564404194502757
4.1999999999997595,grasp success,0.01740600243024009,0.01740600243024009,0.7700942837229292,0.4592094832743726
4.209999999999758,grasp success,0.017558884227885298,0.017558884227885298,0.7672140737531992,0.46221042666671
4.219999999999757,grasp success,0.017612828679560273,0.017612828679560273,0.7644470282220106,0.4649950651501454
4.229999999999756,grasp success,0.01787282012563897,0.01787282012563897,0.7615800524716314,0.46822161615403385
4.239999999999755,grasp success,0.01839709706707941,0.01839709706707941,0.7587866772230782,0.47186442043582044
4.249999999999754,grasp success,0.018765617008958745,0.018765617008958745,0.7558084316844482,0.47520782825253277
4.259999999999753,grasp success,0.018965081143576597,0.018965081143576597,0.7528290362512482,0.4783188376876702
4.269999999999752,grasp success,0.019051153490631644,0.019051153490631644,0.7495720554181811,0.48139070184529226
4.279999999999751,grasp success,0.019013911711865315,0.019013911711865315,0.7462827332769923,0.48430372842442604
4.28999999999975,grasp success,0.018925503787017323,0.018925503787017323,0.7427151996460623,0.48744948014848016
4.2999999999997485,grasp success,0.018764774051682327,0.018764774051682327,0.7391511578136114,0.4902118457870342
4.309999999999747,grasp success,0.018508011665382084,0.018508011665382084,0.7353779339417146,0.4930789183785535
4.319999999999746,grasp success,0.018324402056267893,0.018324402056267893,0.7316920943347791,0.4961306447852736
4.329999999999745,grasp success,0.018193890884852123,0.018193890884852123,0.7280086054505936,0.4994578149882354
4.339999999999744,grasp success,0.0172531565200308,0.0172531565200308,0.7242547949537259,0.5
4.349999999999743,grasp success,0.01645681550642344,0.01645681550642344,0.7207259262230739,0.5
4.359999999999742,grasp success,0.01627266538602533,0.01627266538602533,0.7174021106675055,0.5
4.369999999999741,grasp success,0.016613169497450744,0.016613169497450744,0.7143617684051563,0.5
4.37999999999974,grasp success,0.017328504317425126,0.017328504317425126,0.7116338850225259,0.5
4.3899999999997386,grasp success,0.01827344922513041,0.01827344922513041,0.7092020109252828,0.5
4.3999999999997375,grasp success,0.019343005375094667,0.019343005375094667,0.7070202785781823,0.5
4.409999999999736,grasp success,0.020475039843830506,0.020475039843830506,0.7050298447378461,0.5
4.419999999999735,grasp success,0.021638879129054392,0.021638879129054392,0.7031711603483901,0.5
4.429999999999734,grasp success,0.02283995443561577,0.02283995443561577,0.7013400019476326,0.5
4.439999999999733,grasp success,0.024039657784473076,0.024039657784473076,0.69960492521103,0.5
4.449999999999732,grasp success,0.025258365919504845,0.025258365919504845,0.6978755638264569,0.5
4.459999999999731,grasp success,0.026511256572002682,0.026511256572002682,0.6960946231406059,0.5
4.46999999999973,grasp success,0.027780469455811266,0.027780469455811266,0.6943053365565937,0.5
4.479999999999729,grasp success,0.02906164813328278,0.02906164813328278,0.6925096191282494,0.5
4.4899999999997275,grasp success,0.030347313491338044,0.030347313491338044,0.6907166875548804,0.5
4.499999999999726,grasp success,0.03162817965735184,0.03162817965735184,0.6889370094144549,0.5
4.509999999999725,grasp success,0.032884653666805326,0.032884653666805326,0.6872055344346426,0.5
4.519999999999724,grasp success,0.034103330451246604,0.034103330451246604,0.6855336497006275,0.5
4.529999999999723,grasp success,0.035263532503474,0.035263532503474,0.6839498922383422,0.5
4.539999999999722,grasp success,0.03634291753520506,0.03634291753520506,0.6824838546716014,0.5
4.549999999999721,grasp success,0.03731921947513041,0.03731921947513041,0.6811633066885541,0.5
4.55999999999972,grasp success,0.03817192998339018,0.03817192998339018,0.6800121002649071,0.5
4.569999999999719,grasp success,0.038883996278298937,0.038883996278298937,0.6790478872598809,0.5
4.579999999999718,grasp success,0.039442944748572656,0.039442944748572656,0.6782816405979063,0.5
4.5899999999997165,grasp success,0.039842009643317945,0.039842009643317945,0.6777168611332431,0.5
4.599999999999715,grasp success,0.04008062271924795,0.04008062271924795,0.6773501636806101,0.5
4.609999999999714,grasp success,0.04016113956136933,0.04016113956136933,0.6771742826282433,0.5
4.619999999999713,grasp success,0.040090763411053235,0.040090763411053235,0.677176468998596,0.5
4.629999999999712,grasp success,0.039882968329215285,0.039882968329215285,0.6773399467470897,0.5
4.639999999999711,grasp success,0.03956093184631181,0.03956093184631181,0.6776364283174126,0.5
4.64999999999971,grasp success,0.03915703360422158,0.03915703360422158,0.6780275516016572,0.5
4.659999999999709,grasp success,0.03870397687859913,0.03870397687859913,0.6784853058945782,0.5
4.669999999999708,grasp success,0.03824095186092329,0.03824095186092329,0.6789605398086171,0.5
4.679999999999707,grasp success,0.037798839116432933,0.037798839116432933,0.6794198632206733,0.5
4.6899999999997055,grasp success,0.037397413657941275,0.037397413657941275,0.6798469060703429,0.5
4.699999999999704,grasp success,0.03704945818483924,0.03704945818483924,0.6802310521631079,0.5
4.709999999999703,grasp success,0.0367618748440427,0.0367618748440427,0.6805662415963697,0.5
4.719999999999702,grasp success,0.036536877015899354,0.036536877015899354,0.6808498809963432,0.5
4.729999999999701,grasp success,0.036373183587646477,0.036373183587646477,0.6810819021774811,0.5
4.7399999999997,grasp success,0.03626310795845773,0.03626310795845773,0.6812753646846683,0.5
4.749999999999699,grasp success,0.03624829908244149,0.03624829908244149,0.6813019938075879,0.5
4.759999999999698,grasp success,0.03623198893178655,0.03623198893178655,0.68142543592777,0.5
4.769999999999697,grasp success,0.03627977957320902,0.03627977957320902,0.6814379989576508,0.5
4.779999999999696,grasp success,0.036339817551716266,0.036339817551716266,0.6814764591903486,0.5
4.7899999999996945,grasp success,0.03644281052337815,0.03644281052337815,0.681440356038498,0.5
4.799999999999693,grasp success,0.03655610908320498,0.03655610908320498,0.6814113353749904,0.5
4.809999999999692,grasp success,0.036682837614208166,0.036682837614208166,0.6813665612931065,0.5
4.819999999999691,grasp success,0.03682453391487385,0.03682453391487385,0.6812909551733658,0.5
4.82999999999969,grasp success,0.03696274862540641,0.03696274862540641,0.681226119330004,0.5
4.839999999999689,grasp success,0.03709878167347538,0.03709878167347538,0.6811564264191974,0.5
4.849999999999688,grasp success,0.03722869067172975,0.03722869067172975,0.6810839150405152,0.5
4.859999999999687,grasp success,0.037348656553225015,0.037348656553225015,0.6810113192313296,0.5
4.869999999999686,grasp success,0.03745546141964449,0.03745546141964449,0.6809411435410497,0.5
4.879999999999685,grasp success,0.03754774402779327,0.03754774402779327,0.6808724439211493,0.5
4.8899999999996835,grasp success,0.03762237750428295,0.03762237750428295,0.6808115676179516,0.5
4.899999999999682,grasp success,0.037677944558404154,0.037677944558404154,0.6807610869828938,0.5
4.909999999999681,grasp success,0.03771524941999021,0.03771524941999021,0.6807197294246168,0.5
4.91999999999968,grasp success,0.03773508411307963,0.03773508411307963,0.6806882672188395,0.5
4.929999999999679,grasp success,0.03773867928332872,0.03773867928332872,0.6806673978289127,0.5
4.939999999999678,grasp success,0.03772775023714628,0.03772775023714628,0.68065750124857,0.5
4.949999999999677,grasp success,0.03770438322023915,0.03770438322023915,0.6806585911608399,0.5
4.959999999999676,grasp success,0.03767089131241279,0.03767089131241279,0.6806703400713494,0.5
4.969999999999675,grasp success,0.03763031696964711,0.03763031696964711,0.6806904458365701,0.5
4.979999999999674,grasp success,0.03758393657388017,0.03758393657388017,0.6807212691037505,0.5
4.9899999999996725,grasp success,0.03753456353848304,0.03753456353848304,0.6807599729331597,0.5
4.999999999999671,grasp success,0.03748650211860224,0.03748650211860224,0.6807989573874543,0.5
5.00999999999967,grasp success,0.03742853639489872,0.03742853639489872,0.6808737523310187,0.5
5.019999999999669,grasp success,0.03739644264862505,0.03739644264862505,0.6808863082619666,0.5
5.029999999999668,grasp success,0.03734289773661491,0.03734289773661491,0.6809745755168222,0.5
5.039999999999667,grasp success,0.03731479929686428,0.03731479929686428,0.6810043478614956,0.5
5.049999999999666,grasp success,0.037277403504318865,0.037277403504318865,0.6810772990063463,0.5
5.059999999999665,grasp success,0.037262862013626226,0.037262862013626226,0.681101510986153,0.5
5.069999999999664,grasp success,0.037244557142201005,0.037244557142201005,0.6811530388928813,0.5
5.079999999999663,grasp success,0.03723222949358606,0.03723222949358606,0.6812013615533329,0.5
5.0899999999996615,grasp success,0.03722647566270163,0.03722647566270163,0.6812439997003501,0.5
5.09999999999966,grasp success,0.037226984634921974,0.037226984634921974,0.6812803813029427,0.5
5.109999999999659,grasp success,0.03723308651166749,0.03723308651166749,0.6813103720071831,0.5
5.119999999999658,grasp success,0.037243971483996004,0.037243971483996004,0.68133392064571,0.5
5.129999999999657,grasp success,0.03725848939356648,0.03725848939356648,0.6813518138315583,0.5
5.139999999999656,grasp success,0.037275759021045414,0.037275759021045414,0.6813641868033916,0.5
5.149999999999655,grasp success,0.037294750317158204,0.037294750317158204,0.6813716403251922,0.5
5.159999999999654,grasp success,0.037314434617035784,0.037314434617035784,0.681374936250692,0.5
5.169999999999653,grasp success,0.037333844330729136,0.037333844330729136,0.6813749379738969,0.5
5.1799999999996515,grasp success,0.03735211812637603,0.03735211812637603,0.6813725605068327,0.5
5.1899999999996504,grasp success,0.037368533126654495,0.037368533126654495,0.6813687264688175,0.5
5.199999999999649,grasp success,0.037382524950737704,0.037382524950737704,0.6813643273570215,0.5
5.209999999999648,grasp success,0.03739369670246535,0.03739369670246535,0.6813601901033112,0.5
5.219999999999647,grasp success,0.037401818329828355,0.037401818329828355,0.68135704921158,0.5
5.229999999999646,grasp success,0.03740681801760526,0.03740681801760526,0.6813555248634521,0.5
5.239999999999645,grasp success,0.0374087673746598,0.0374087673746598,0.6813561073385569,0.5
5.249999999999644,grasp success,0.03740786214094343,0.03740786214094343,0.6813591479532417,0.5
5.259999999999643,grasp success,0.03740439999584261,0.03740439999584261,0.6813648565069637,0.5
5.269999999999642,grasp success,0.03739875684112263,0.03739875684112263,0.6813733049672561,0.5
5.2799999999996405,grasp success,0.03739136270076426,0.03739136270076426,0.6813844368525777,0.5
5.289999999999639,grasp success,0.037384179403992336,0.037384179403992336,0.681393654921193,0.5
5.299999999999638,grasp success,0.03737607633710935,0.03737607633710935,0.6814060837869733,0.5
5.309999999999637,grasp success,0.03736346801288761,0.03736346801288761,0.681431507503004,0.5
5.319999999999636,grasp success,0.03735615906070672,0.03735615906070672,0.6814432843602056,0.5
5.329999999999635,grasp success,0.03734834464222985,0.03734834464222985,0.6814597470958822,0.5
5.339999999999634,grasp success,0.037339142668117345,0.037339142668117345,0.6814827108436476,0.5
5.349999999999633,grasp success,0.03733078517224142,0.03733078517224142,0.6815060314696382,0.5
5.359999999999632,grasp success,0.03732363305058654,0.03732363305058654,0.6815289734573207,0.5
5.369999999999631,grasp success,0.03731784668926571,0.03731784668926571,0.6815511729399443,0.5
5.3799999999996295,grasp success,0.037313496456121004,0.037313496456121004,0.6815723415001506,0.5
5.389999999999628,grasp success,0.03731057404977397,0.03731057404977397,0.6815922610318595,0.5
5.399999999999627,grasp success,0.037308993734106906,0.037308993734106906,0.6816107956164865,0.5
5.409999999999626,grasp success,0.037308598005876006,0.037308598005876006,0.6816278914736164,0.5
5.419999999999625,grasp success,0.037309713830973985,0.037309713830973985,0.6816421438124017,0.5
5.429999999999624,grasp success,0.03731154696877803,0.03731154696877803,0.6816552811065328,0.5
5.439999999999623,grasp success,0.03731387317682159,0.03731387317682159,0.6816673872098914,0.5
5.449999999999622,grasp success,0.037315962416289435,0.037315962416289435,0.6816799643339482,0.5
5.459999999999621,grasp success,0.03731819568337628,0.03731819568337628,0.6816914799374074,0.5
5.46999999999962,grasp success,0.037320406420616035,0.037320406420616035,0.6817020988100392,0.5
5.4799999999996185,grasp success,0.037322429027900325,0.037322429027900325,0.6817120340791128,0.5
5.489999999999617,grasp success,0.03732411867451648,0.03732411867451648,0.6817215091717698,0.5
5.499999999999616,grasp success,0.03732535843742346,0.03732535843742346,0.6817307449277215,0.5
5.509999999999615,grasp success,0.03732606323595858,0.03732606323595858,0.6817399489990651,0.5
5.519999999999614,grasp success,0.03732618129479838,0.03732618129479838,0.6817493073578219,0.5
5.529999999999613,grasp success,0.03732569355877305,0.03732569355877305,0.6817589779098335,0.5
5.539999999999612,grasp success,0.03732461169418278,0.03732461169418278,0.6817690874506637,0.5
5.549999999999611,grasp success,0.037322975965591705,0.037322975965591705,0.681779735699649,0.5
5.55999999999961,grasp success,0.03732085369707059,0.03732085369707059,0.6817909656229191,0.5
5.569999999999609,grasp success,0.037318880710049074,0.037318880710049074,0.6818012813729156,0.5
5.5799999999996075,grasp success,0.03731654115342873,0.03731654115342873,0.681812387918502,0.5
5.589999999999606,grasp success,0.0373138793153603,0.0373138793153603,0.6818242954273901,0.5
5.599999999999605,grasp success,0.0373109760544771,0.0373109760544771,0.6818369376547361,0.5
5.609999999999604,grasp success,0.037307929050304514,0.037307929050304514,0.6818502116786497,0.5
5.619999999999603,grasp success,0.03730483950472297,0.03730483950472297,0.6818639839880436,0.5
5.629999999999602,grasp success,0.037301791049965706,0.037301791049965706,0.6818781344998178,0.5
5.639999999999601,grasp success,0.03729885252731341,0.03729885252731341,0.6818925479927339,0.5
5.6499999999996,grasp success,0.037296078196948905,0.037296078196948905,0.6819071034011107,0.5
5.659999999999599,grasp success,0.037293503651543325,0.037293503651543325,0.6819216873662945,0.5
5.669999999999598,grasp success,0.037291138031130766,0.037291138031130766,0.6819362180106836,0.5
5.6799999999995965,grasp success,0.0372889635225854,0.0372889635225854,0.6819506356279083,0.5
5.689999999999595,grasp success,0.03728702055534745,0.03728702055534745,0.681964771149651,0.5
5.699999999999594,grasp success,0.037285243913285394,0.037285243913285394,0.6819787597398677,0.5
5.709999999999593,grasp success,0.037283631259721964,0.037283631259721964,0.6819925533333759,0.5
5.719999999999592,grasp success,0.037282196601589115,0.037282196601589115,0.6820060567507876,0.5
5.729999999999591,grasp success,0.037280868971552736,0.037280868971552736,0.6820194079720725,0.5
5.73999999999959,grasp success,0.037279606305347324,0.037279606305347324,0.6820326579120229,0.5
5.749999999999589,grasp success,0.03727841752783003,0.03727841752783003,0.6820457213977966,0.5
5.759999999999588,grasp success,0.037277282488748516,0.037277282488748516,0.6820586100257653,0.5
5.769999999999587,grasp success,0.037276172740512044,0.037276172740512044,0.6820713444813548,0.5
5.7799999999995855,grasp success,0.03727505406461182,0.03727505406461182,0.6820839598799128,0.5
5.789999999999584,grasp success,0.03727389699768005,0.03727389699768005,0.6820964875841905,0.5
5.799999999999583,grasp success,0.0372726654191163,0.0372726654191163,0.6821089944196599,0.5
5.809999999999582,grasp success,0.03727134510665361,0.03727134510665361,0.6821214966596978,0.5
5.819999999999581,grasp success,0.03726991588875865,0.03726991588875865,0.6821340467668755,0.5
5.82999999999958,grasp success,0.0372683635081188,0.0372683635081188,0.6821466972289251,0.5
5.839999999999579,grasp success,0.03726671947136908,0.03726671947136908,0.6821593659337107,0.5
5.849999999999578,grasp success,0.03726497024619471,0.03726497024619471,0.6821721320937035,0.5
5.859999999999577,grasp success,0.037263117652883856,0.037263117652883856,0.6821850392985087,0.5
5.869999999999576,grasp success,0.03726126361180967,0.03726126361180967,0.6821977967346996,0.5
5.8799999999995745,grasp success,0.037259280301816106,0.037259280301816106,0.682210890893556,0.5
5.889999999999573,grasp success,0.037257182958452796,0.037257182958452796,0.6822242502892353,0.5
5.899999999999572,grasp success,0.037255031267969745,0.037255031267969745,0.6822377307815444,0.5
5.909999999999571,grasp success,0.03725284565106886,0.03725284565106886,0.6822513221453484,0.5
5.91999999999957,grasp success,0.03725064626434485,0.03725064626434485,0.6822650105394427,0.5
5.929999999999569,grasp success,0.0372484498223471,0.0372484498223471,0.6822787840224358,0.5
5.939999999999568,grasp success,0.037246273413482474,0.037246273413482474,0.6822926184882363,0.5
5.949999999999567,grasp success,0.03724412954832015,0.03724412954832015,0.6823064948634555,0.5
5.959999999999566,grasp success,0.03724202604883842,0.03724202604883842,0.682320399227937,0.5
5.9699999999995645,grasp success,0.037239970184941414,0.037239970184941414,0.6823343102355593,0.5
5.979999999999563,grasp success,0.03723796366764058,0.03723796366764058,0.6823482156904843,0.5
5.989999999999562,grasp success,0.037236005517961066,0.037236005517961066,0.6823621051597357,0.5
5.999999999999561,grasp success,0.0372340928261387,0.0372340928261387,0.6823759689007687,0.5
