time,phase,target_err,hold_err,offset_hit,ori_dotY,base_x
0.0,hold,0.5621414194184001,0.41368203213237703,0,0.17249220866358747,-0.5011181001110593
0.010000000000000009,hold,0.5544460614823159,0.4063325705068272,0,0.17517077218035915,-0.4985256174096076
0.020000000000000018,hold,0.5479542343391497,0.40049059757218086,0,0.17795314236901458,-0.49524942189662796
0.030000000000000027,hold,0.5429127087776828,0.39606147011576565,0,0.1809175836441786,-0.49215929011540954
0.040000000000000036,hold,0.5380267114358976,0.39216825076075706,0,0.18437087769819582,-0.48924749521592753
0.050000000000000044,hold,0.5330199846932631,0.3884079865728272,0,0.18845657222816917,-0.48616400632424206
0.06000000000000005,hold,0.5283611904118769,0.3847346625127004,0,0.1932138313273471,-0.48333807635516013
0.07000000000000006,hold,0.5232156825876686,0.3806500027184717,0,0.19863914407177102,-0.48034262493637037
0.08000000000000007,hold,0.5177598527524057,0.37613016534794946,0,0.20470428162030774,-0.47729427620143877
0.09000000000000008,hold,0.5110475679652854,0.3706952266836026,0,0.21136143066959623,-0.4744845746055121
0.10000000000000009,hold,0.504779767352124,0.36511620236393194,0,0.21855659265238125,-0.4714503307385856
0.1100000000000001,hold,0.49745800083405906,0.3587238607933811,0,0.2262328652702441,-0.4685741244143696
0.1200000000000001,hold,0.4894991997045699,0.35174473740823503,0,0.23433815123594953,-0.4656526149294619
0.13000000000000012,hold,0.48128333779898363,0.34440594093950216,0,0.24282604763065396,-0.46231350353123746
0.14000000000000012,hold,0.4731511158889632,0.3368606172116187,0,0.25165587383356647,-0.4593901469296475
0.15000000000000013,hold,0.46490865344895027,0.32908431246240977,0,0.2607930509703456,-0.45652685569373513
0.16000000000000014,hold,0.4555410939877763,0.3206887360140607,0,0.2702091388830371,-0.45313410031939205
0.17000000000000015,hold,0.44702613647479605,0.31253842927809333,0,0.2798851551724481,-0.45043007314578787
0.18000000000000016,hold,0.43844982302203034,0.3042801018062787,0,0.28980701011451165,-0.447858392203203
0.19000000000000017,hold,0.4300434862894739,0.2960317615756989,0,0.299966302470946,-0.44564243622192895
0.20000000000000018,hold,0.42087576788121983,0.28746690666649194,0,0.3103595946573312,-0.4421904345438736
0.2100000000000002,hold,0.4118296342100478,0.27893160567108427,0,0.3209896242129685,-0.43887171743896636
0.2200000000000002,hold,0.40255591902057075,0.27029309474367125,0,0.33186325104854053,-0.43531154427915986
0.2300000000000002,hold,0.39304491519062656,0.2615048285558891,0,0.3429911933440122,-0.43235646382538007
0.2400000000000002,hold,0.3844762185427347,0.2531555848021228,0,0.3543880879333854,-0.42938393076530035
0.2500000000000002,hold,0.3756095212620104,0.24467361129984036,0,0.3660663701495396,-0.4262653559340925
0.26000000000000023,hold,0.36690928495870984,0.23628258170951508,0,0.3780401843160304,-0.42291184031769113
0.27000000000000024,hold,0.357861949830764,0.22771675137468875,0,0.39032390604470746,-0.41964009019360443
0.28000000000000025,hold,0.349192632479293,0.21930067363596817,0,0.40293450156736804,-0.4167812986320938
0.29000000000000026,hold,0.34004058300655415,0.2106357698186991,0,0.41588809014878597,-0.4139635892777121
0.30000000000000027,hold,0.33160362272769456,0.20230834022997318,0,0.4292036020198903,-0.41110596339721306
0.3100000000000003,hold,0.32320230081968987,0.19397709294487123,0,0.44289606550545063,-0.4083437997255765
0.3200000000000003,hold,0.31444425893686506,0.18546981875426102,0,0.4569799696141591,-0.40528304609747823
0.3300000000000003,hold,0.3060167086321016,0.17709504178540075,0,0.47147264112125087,-0.40239007178538566
0.3400000000000003,hold,0.2978486243094421,0.16881362038556505,0,0.48639046361329963,-0.39971560270673967
0.3500000000000003,hold,0.2888692806399013,0.16018431066576283,0,0.501748531249623,-0.39588338839523796
0.3600000000000003,hold,0.2808508413344949,0.15194912517148776,0,0.5175685156987968,-0.39304755886077325
0.37000000000000033,hold,0.27252918238532553,0.143526944352392,0,0.533867099392063,-0.39026057830795097
0.38000000000000034,hold,0.2643537663010755,0.13518882047923353,0,0.5506647055603334,-0.38718948015345034
0.39000000000000035,hold,0.2557370947194758,0.12655069625942908,0,0.5679821259565162,-0.38448378147366585
0.40000000000000036,hold,0.24752803173215562,0.11817182904520208,0,0.5858496542529548,-0.38129124205430787
0.41000000000000036,hold,0.2394548176639294,0.10984029788858311,0,0.6042945938784512,-0.3782887934194616
0.4200000000000004,hold,0.2313984554765837,0.1014121452431152,0,0.623344616275296,-0.37603343812433493
0.4300000000000004,hold,0.22359309292132382,0.09321443835540694,0,0.6430340373313732,-0.37324343166666546
0.4400000000000004,hold,0.2153624525086066,0.08481584842278946,0,0.6633940996108308,-0.3703283016014277
0.4500000000000004,hold,0.20782378723038122,0.07688286876256745,0,0.6844690728390603,-0.3675557845051847
0.4600000000000004,hold,0.19973238825552556,0.06884273346416081,0,0.7062835436262723,-0.36427768550001227
0.4700000000000004,hold,0.1918822096694451,0.061074112681631695,0,0.7288199823554758,-0.36144632837134805
0.4800000000000004,hold,0.18429909781378204,0.05391369292511275,0,0.7520130592100648,-0.35842571459004136
0.49000000000000044,hold,0.17686492063280054,0.04693054093408665,0,0.7757461431758027,-0.3556714728856726
0.5000000000000004,hold,0.16993824247328468,0.04101672942646025,0,0.7998193732988206,-0.35223125198014243
0.5100000000000005,hold,0.16484005412408897,0.038491805097186825,0,0.8238670701455808,-0.348979886828109
0.5200000000000005,hold,0.15945253404649712,0.037518108603549115,0,0.8473605915997948,-0.3458168502052589
0.5300000000000005,hold,0.15506150243359032,0.038806030220793965,0,0.869832351777355,-0.34277011144686087
0.5400000000000005,hold,0.15123497082736356,0.041307900709779036,0,0.8908971797748952,-0.3396686361017342
0.5500000000000005,hold,0.14838796074496538,0.044236994384147264,0,0.9102531374422747,-0.3366575383202573
0.5600000000000005,hold,0.14647130122506338,0.04719225381781438,0,0.9275588127631195,-0.33323555217982154
0.5700000000000005,hold,0.1447092575406818,0.04925545788391129,0,0.9426331626400893,-0.32988021847640603
0.5800000000000005,hold,0.1432611793581625,0.04994577455855495,0,0.9554288797143616,-0.3270398212859716
0.5900000000000005,hold,0.14174743136877954,0.049588310730236715,0,0.9659948406830076,-0.324227112997394
0.6000000000000005,hold,0.14075762399659508,0.048611216146332605,0,0.9744484941043067,-0.321060484610539
0.6100000000000005,hold,0.1394623277263645,0.04648151108384769,0,0.9809558830416667,-0.31829766354250105
0.6200000000000006,hold,0.1384402604794485,0.044208963766542965,0,0.9857128453552172,-0.31496166420428107
0.6300000000000006,hold,0.1374214527748011,0.041331124950839584,0,0.9889320197132878,-0.3117835184017374
0.6400000000000006,hold,0.13632292375264812,0.03803595684177656,0,0.9908357367409456,-0.30870721402997053
0.6500000000000006,hold,0.13552679844224816,0.034600969115535736,0,0.9916488922894859,-0.3055711737782253
0.6600000000000006,hold,0.13436473465392085,0.031153259998551428,0,0.991592166715092,-0.3023431099878401
0.6700000000000006,hold,0.1331921553564094,0.027674497267672186,0,0.9908746620417958,-0.29920062005419606
0.6800000000000006,hold,0.13222474406700038,0.024363189616096303,0,0.9896886949784465,-0.2960733915458899
0.6900000000000006,hold,0.13150674794390838,0.0215771142462798,0,0.9882073849871928,-0.29271154610329725
0.7000000000000006,hold,0.1302525118759632,0.018740648116504156,1,0.9865841870769687,-0.2899738482391289
0.7100000000000006,hold,0.12919423887502265,0.017132859084753968,2,0.984951729890733,-0.2865415230270684
0.7200000000000006,hold,0.12868835517842458,0.015736837790921936,3,0.9834245940709537,-0.2835929377000548
0.7300000000000006,hold,0.12794771661921756,0.015094465660618363,4,0.9820831505211689,-0.28062850562967684
0.7400000000000007,hold,0.12724023678411295,0.015616817950243334,5,0.9809393896343581,-0.2771465165953146
0.7500000000000007,hold,0.12622561348226113,0.01616620549723097,6,0.9800245862757757,-0.27456488875816815
0.7600000000000007,hold,0.12621270972149717,0.017285789348882596,7,0.9793605371345631,-0.27166085252236327
0.7700000000000007,hold,0.12619789428475447,0.019314045921519637,8,0.9789578969890478,-0.2682408003377396
0.7800000000000007,hold,0.12622365741248462,0.02121644685295315,0,0.9788442366962021,-0.2653403035773345
0.7900000000000007,hold,0.126261808650303,0.023591230533519063,0,0.9790339710057099,-0.26210476040094616
0.8000000000000007,hold,0.12609268479555874,0.025474505844958632,0,0.9795422924201596,-0.2594876508250907
0.8100000000000007,hold,0.12682854798642867,0.027613648630741706,0,0.9803575418437658,-0.2562222749093938
0.8200000000000007,hold,0.12772935778652952,0.029034395413722127,0,0.9814595869640349,-0.2534509511073816
0.8300000000000007,hold,0.1286564888286938,0.03038923682057734,0,0.982799352938259,-0.250415162874165
0.8400000000000007,hold,0.12916164178500578,0.03118638773769334,0,0.9843207212249695,-0.24762560050553134
0.8500000000000008,hold,0.13005608943673588,0.031801292296070066,0,0.9859557759746225,-0.24452035108575482
0.8600000000000008,hold,0.13045944820144506,0.032135288469256625,0,0.987637678574899,-0.24131712730523655
0.8700000000000008,hold,0.13121372163489825,0.031496845725263845,0,0.9893049278559793,-0.23862339903220792
0.8800000000000008,hold,0.13165964494824486,0.031075047109071573,0,0.9908949844166464,-0.23536165212427967
0.8900000000000008,hold,0.13185305620009272,0.030157479416299815,0,0.992366636934535,-0.23230486414077212
0.9000000000000008,hold,0.13259411765860976,0.028628590012088,0,0.993690631534796,-0.22961214940987637
0.9100000000000008,hold,0.13282927225474664,0.0270720225253585,0,0.9948481392818669,-0.22685062334519043
0.9200000000000008,hold,0.13316144742040467,0.02553429671391829,0,0.9958356910586956,-0.22406358281227484
0.9300000000000008,hold,0.13345496491094733,0.024046317512676857,0,0.9966609015230112,-0.22132012360687098
0.9400000000000008,hold,0.13342441456556728,0.02270964030243252,0,0.9973383371131963,-0.218577828787174
0.9500000000000008,hold,0.13366857149594455,0.02211443578249597,0,0.9978864575461008,-0.21533334162991377
0.9600000000000009,hold,0.1338583582871463,0.021492843687936726,0,0.9983259695731322,-0.21237120523917943
0.9700000000000009,hold,0.13387381597858544,0.021311451201371866,0,0.9986756289973503,-0.2092049230685997
0.9800000000000009,hold,0.13424460346906447,0.02168733414478962,0,0.9989524195624214,-0.2057510324302748
0.9900000000000009,hold,0.13412654915020383,0.02187188117889484,0,0.9991710297637326,-0.20264880746204825
1.0020000000000004,hold,0.13384392279155746,0.02151033789178887,0,0.9993731424217338,-0.199748743106289
1.0139999999999991,hold,0.13309674703044522,0.02101309521356023,0,0.9995239740079287,-0.1971428488579027
1.0259999999999978,hold,0.13269636259975057,0.020730165046640662,0,0.9996358701334043,-0.19449971074952596
1.0379999999999965,hold,0.13225702218293056,0.020622418417424453,0,0.9997182459138254,-0.19178585064697803
1.0499999999999952,hold,0.13234583308051584,0.023716840503486963,0,0.9997782395694838,-0.18581368493127645
1.0619999999999938,hold,0.13310145141221397,0.023906162435862553,0,0.9998208522367421,-0.18287014358530831
1.0739999999999925,hold,0.13296118714317282,0.02389919047279203,0,0.9998502330952683,-0.18004523180930515
1.0859999999999912,hold,0.13266777469551533,0.02388837086054811,0,0.9998698626855856,-0.17712709020919065
1.0979999999999899,hold,0.13267938446497238,0.024151765968914406,0,0.9998823274185433,-0.17380578770223884
1.1099999999999886,hold,0.13285121446875509,0.026858591633886347,0,0.9998898064919255,-0.16783951219459525
1.1219999999999872,hold,0.1329341871170609,0.027086525661469116,0,0.999892841889559,-0.16422434470731423
1.133999999999986,hold,0.1327506383705091,0.026207010169328596,0,0.9998932177632195,-0.1615187163122087
1.1459999999999846,hold,0.13287023210229956,0.02575253025191571,0,0.9998919967135648,-0.15819584866564443
1.1579999999999833,hold,0.13298615315122028,0.025358811496656534,0,0.9998896425785551,-0.15464188010122287
1.169999999999982,hold,0.13290810054320956,0.027441216894133265,0,0.9998867429765638,-0.14842674115109844
1.1819999999999806,hold,0.1321651270690569,0.02578471548973504,0,0.9998832182411381,-0.14584507479887301
1.1939999999999793,hold,0.13203978386292445,0.024470553235862624,0,0.9998799467201323,-0.14285739447331042
1.205999999999978,hold,0.1315510957388005,0.023406888158559166,0,0.9998766450463473,-0.13964622957447306
1.2179999999999767,hold,0.13086258818450033,0.02242672214799012,0,0.9998731694844276,-0.13643573174795726
1.2299999999999753,hold,0.13097398558793996,0.02443464338775367,0,0.9998693662920806,-0.13031115364760482
1.241999999999974,hold,0.13095012182445334,0.023582495787890158,0,0.9998645859972057,-0.12716903893798623
1.2539999999999727,hold,0.13085641495418748,0.02280522415208363,0,0.9998589568289479,-0.12410352074430814
1.2659999999999714,hold,0.13098758031464594,0.022315985291680742,0,0.9998525968856526,-0.12089144574962808
1.27799999999997,hold,0.1312973343193372,0.02163317395520153,0,0.9998455946940812,-0.11801453545898705
1.2899999999999687,hold,0.13140148541670016,0.023885634485550596,0,0.9998382631132219,-0.11232497907031974
1.3019999999999674,hold,0.1319998451758725,0.02318952927267638,0,0.9998305589343695,-0.10969879901178331
1.313999999999966,hold,0.13176587641004683,0.022679037539373486,0,0.9998227057748256,-0.10699434708857826
1.3259999999999648,hold,0.13185464812934017,0.02282136022218821,0,0.999815177302791,-0.10369962236421758
1.3379999999999634,hold,0.13196705957666877,0.022480019911592115,0,0.9998082342617364,-0.10092755418043851
1.3499999999999621,hold,0.13282541155419003,0.024574499206000435,0,0.9998020184340524,-0.09569862045958821
1.3619999999999608,hold,0.13245613264247416,0.024406222582044543,0,0.9997961474994574,-0.09273035726028317
1.3739999999999595,hold,0.1321175374667585,0.024301630289921,0,0.9997913224447201,-0.08966421278042747
1.3859999999999582,hold,0.13218500283339843,0.023983725193244407,0,0.9997877606241713,-0.08675188717209499
1.3979999999999568,hold,0.13187384569742971,0.02265849868984903,0,0.999785312188216,-0.08480064411708474
1.4099999999999555,hold,0.1320022412939041,0.0254207402634001,0,0.9997839138285407,-0.0786811986909688
1.4219999999999542,hold,0.13229074558341114,0.024894954743939948,0,0.9997829174507021,-0.07582253758314125
1.4339999999999529,hold,0.13234633162242354,0.02433133235727528,0,0.9997820430600425,-0.07296083977826565
1.4459999999999515,hold,0.1324039344552785,0.02429371105499654,0,0.9997813604100132,-0.06952521687907913
1.4579999999999502,hold,0.1323030790352304,0.023606138944584448,0,0.9997810442269423,-0.0666907469943851
1.469999999999949,hold,0.13364745222193067,0.026502813728075916,0,0.9997811081953473,-0.06020397576609196
1.4819999999999476,hold,0.13335159075866607,0.02583772094364504,0,0.9997808620571357,-0.057217123199411704
1.4939999999999463,hold,0.1330538609288191,0.024796669251707846,0,0.9997810391997318,-0.05453864016466931
1.505999999999945,hold,0.13284743793708145,0.024428875952527167,0,0.9997819381587005,-0.05112692088652961
1.5179999999999436,hold,0.13280198181573025,0.0232138534988332,0,0.9997833580188665,-0.04854632589175412
1.5299999999999423,hold,0.13308463538176687,0.025806813982761953,0,0.9997850374062949,-0.042105237790521464
1.541999999999941,hold,0.13312608629269396,0.025239590811733603,0,0.9997864141845738,-0.038860518842658204
1.5539999999999397,hold,0.1328821303044031,0.024391533659825132,0,0.9997875694673164,-0.03590044383863659
1.5659999999999383,hold,0.13271150233780954,0.02350025667494595,0,0.9997886155847999,-0.03300875500202044
1.577999999999937,hold,0.13286444854152674,0.02315808284184184,0,0.9997893959265209,-0.029607299071817774
1.5899999999999357,hold,0.13280909114969863,0.025500754030986273,0,0.9997901752261816,-0.023497549823257524
1.6019999999999344,hold,0.13286098740266097,0.024916312870960754,0,0.9997906180814813,-0.02037332814283419
1.613999999999933,hold,0.13272271743547767,0.02405463448520814,0,0.9997907201282475,-0.017550711284210183
1.6259999999999317,hold,0.13274311332571262,0.023635530070512934,0,0.9997905566982974,-0.014316199893492459
1.6379999999999304,hold,0.13259936839755007,0.023524638973849443,0,0.9997902562905642,-0.01078929725034524
1.649999999999929,hold,0.13256760177623694,0.026022857905843168,0,0.9997902030119137,-0.004626367171797245
1.6619999999999278,hold,0.13191381062322058,0.025298112893270705,0,0.9997902266317765,-0.001713699099150552
1.6739999999999264,hold,0.1318961594368782,0.024856500360867572,0,0.9997905370828701,0.0015150463557963196
1.6859999999999251,hold,0.13162429856313362,0.02374286733533285,0,0.9997909170314252,0.004079784161628501
1.6979999999999238,hold,0.131976289892377,0.022761459383163648,0,0.9997909362320454,0.006775263881617517
1.7099999999999225,hold,0.1323963512112404,0.02540136348190528,0,0.9997904286671266,0.013089035276315638
1.7219999999999211,hold,0.13271655583876443,0.025027193485167604,0,0.9997892933122526,0.016319716456072508
1.7339999999999198,hold,0.13261881783565704,0.024437237946556917,0,0.9997877047967855,0.019315644519441857
1.7459999999999185,hold,0.13256131796749795,0.024091436029308466,0,0.9997861582693112,0.022554429206955256
1.7579999999999172,hold,0.13265516524529247,0.02371414546068412,0,0.9997848704585763,0.025769929827550622
1.7699999999999159,hold,0.13291350614454048,0.025788648433732676,0,0.9997840263943267,0.0314966089223682
1.7819999999999145,hold,0.133284746054427,0.025060880804975028,0,0.9997833029071077,0.034402103722511665
1.7939999999999132,hold,0.1332791222544399,0.02465960360135245,0,0.9997823928422156,0.03766131865138409
1.805999999999912,hold,0.13317059913307716,0.023749977378503425,0,0.9997815247086907,0.040414764567685904
1.8179999999999106,hold,0.13259313415497437,0.023098654294214066,0,0.999780974774701,0.04344689131851269
1.8299999999999093,hold,0.13277047670763184,0.02571897474217913,0,0.9997807532153491,0.04976545253688497
1.841999999999908,hold,0.13278828419381541,0.02535368979859285,0,0.9997805090626823,0.05304209471227204
1.8539999999999066,hold,0.13267893292415486,0.024896480526561123,0,0.9997801571493021,0.05622840034591522
1.8659999999999053,hold,0.13284267694510613,0.024504517694695045,0,0.9997798215480692,0.059491964842743265
1.877999999999904,hold,0.13229443109411732,0.023562698777478623,0,0.9997796993202092,0.06223725979090199
1.8899999999999026,hold,0.13297208978210767,0.025730269456396466,0,0.9997797208290897,0.06813757349659096
1.9019999999999013,hold,0.1332137991605083,0.025364279571416348,0,0.9997793571567322,0.07147051933985948
1.9139999999999,hold,0.1329372322896343,0.024571783961283417,0,0.9997785315135366,0.07438555281798073
1.9259999999998987,hold,0.1329798010231671,0.0238026737715393,0,0.9997776028852929,0.0773146236200097
1.9379999999998974,hold,0.1326549773229106,0.022830485156764533,0,0.9997766367501496,0.08003466742282497
1.949999999999896,hold,0.13286896183294689,0.024381238294670687,0,0.999775613796825,0.08527225991239368
1.9619999999998947,hold,0.13306892192003253,0.023805293700980387,0,0.9997739800595417,0.08826863687477957
1.9739999999998934,hold,0.13296999908210672,0.023471295271124765,0,0.9997715915542885,0.09143438575218314
1.985999999999892,hold,0.13320357330514462,0.022774165818046074,0,0.9997688213159298,0.09413122006499121
1.9979999999998908,hold,0.13298173843164332,0.02199475911439077,0,0.9997659143368977,0.09669085828187973
2.0099999999998897,hold,0.13300333177755877,0.024296571243374844,0,0.9997629264892406,0.10232383351272406
2.0219999999998883,hold,0.132671667083887,0.024172033234778477,0,0.9997602781813761,0.10541423760862738
2.033999999999887,hold,0.13234041490701431,0.0240617204556561,0,0.9997582447099107,0.10848491435339394
2.0459999999998857,hold,0.1322765197455067,0.02352927562844526,0,0.9997569302225422,0.1111263397035975
2.0579999999998844,hold,0.1321880576699721,0.02341489392272765,0,0.9997561683312394,0.11421959216664188
2.069999999999883,hold,0.1329844306367228,0.026034521638832853,0,0.9997558499189275,0.12013635652738171
2.0819999999998817,hold,0.133053368477666,0.025085148305980035,0,0.9997558197657963,0.1224935819523661
2.0939999999998804,hold,0.13252020659888356,0.02484563285802103,0,0.9997557590251362,0.12566642462136576
2.105999999999879,hold,0.13246083210377438,0.024892461582396563,0,0.9997561579282881,0.12920344155459806
2.1179999999998778,hold,0.13213438431017263,0.02458036662851203,0,0.9997572069148103,0.13247322939018644
2.1299999999998764,hold,0.13345801546177613,0.026727769273175477,0,0.9997584953972849,0.1383307053585925
2.141999999999875,hold,0.13311013773622665,0.02589480519563655,0,0.9997594189880632,0.14126460768198468
2.153999999999874,hold,0.1328690826423829,0.024691830948832188,0,0.9997599326562833,0.14389828161081358
2.1659999999998725,hold,0.1326931232825688,0.02418131303537077,0,0.9997601136034578,0.14727424976664094
2.177999999999871,hold,0.13235494923154287,0.023459485533751778,0,0.9997600182651668,0.1504429592995558
2.18999999999987,hold,0.13291334139016647,0.02637518848520565,0,0.9997596758155732,0.15728526783653587
2.2019999999998685,hold,0.13268765627804024,0.025372991593494522,0,0.9997592405294728,0.1601321751664153
2.213999999999867,hold,0.13272123477068448,0.024370511585932043,0,0.9997583505619525,0.16296664790657042
2.225999999999866,hold,0.13324024763940445,0.023424965700089267,0,0.9997567243586549,0.16580503449016185
2.2379999999998645,hold,0.13350833688248254,0.022736122864427746,0,0.9997541988094337,0.16884401474209082
2.249999999999863,hold,0.1336248034297332,0.02483031474461047,0,0.9997513879977848,0.17468960349527043
2.261999999999862,hold,0.13344128761937515,0.024612689329785088,0,0.999748539313978,0.178077907356946
2.2739999999998606,hold,0.13347481796910574,0.02435818639627061,0,0.9997458398454883,0.1813488183057951
2.2859999999998593,hold,0.13356843142485042,0.024074982735222215,0,0.999743757319578,0.18454906382644493
2.297999999999858,hold,0.13322787924905374,0.023384741034727614,0,0.999742561793056,0.18735166180103127
2.3099999999998566,hold,0.13393549973052177,0.026318410360746287,0,0.9997421873012574,0.1938363390463453
2.3219999999998553,hold,0.13341227359240962,0.025582561251186946,0,0.9997423969635839,0.1966087439115538
2.333999999999854,hold,0.13291779630554817,0.024968350845309878,0,0.9997430631173871,0.19955381817735424
2.3459999999998526,hold,0.1326347465968621,0.024073670419254317,0,0.9997442080129612,0.20226206742765043
2.3579999999998513,hold,0.13248789976546954,0.023387692139921618,0,0.9997452540081277,0.205214448851379
2.36999999999985,hold,0.13284274446357963,0.025472148997251243,0,0.9997456531153481,0.21099730439395942
2.3819999999998487,hold,0.13277328768019178,0.024924339211668263,0,0.9997457113984793,0.21407853001782395
2.3939999999998474,hold,0.13264845363552222,0.02429549344837304,0,0.9997450430271981,0.21706469823409727
2.405999999999846,hold,0.13286917045087915,0.02339628237199406,0,0.999743880785981,0.21974544110716365
2.4179999999998447,hold,0.13291031430443356,0.023195370324131038,0,0.9997423333289573,0.2231117277611938
2.4299999999998434,hold,0.13362854571830413,0.02619366509270195,0,0.99974082805083,0.22971227727736943
2.441999999999842,hold,0.13347725345193567,0.025784659344800127,0,0.9997401063123659,0.2328246578740386
2.4539999999998408,hold,0.1338971685676631,0.02501704021094854,0,0.9997398796427046,0.23558182004635697
2.4659999999998394,hold,0.13334382472210257,0.024076705810886806,0,0.9997402181275923,0.23826884589248037
2.477999999999838,hold,0.1334633106082786,0.023784220038321615,0,0.9997409889775689,0.2416175247911206
2.489999999999837,hold,0.13400992013373672,0.025904822467244876,0,0.9997421399640355,0.24745270331948288
2.5019999999998355,hold,0.1338939183708076,0.02558660600349779,0,0.9997431052548927,0.2507856005457016
2.513999999999834,hold,0.1338060776595403,0.02423960357651207,0,0.9997437794054063,0.2530688579272304
2.525999999999833,hold,0.1336603648737378,0.023616961227063117,0,0.9997444353252853,0.2561033135156894
2.5379999999998315,hold,0.13383969807319712,0.02305309594570691,0,0.9997449252174135,0.25913916290761185
2.54999999999983,hold,0.1343576584642294,0.025297216729978055,0,0.9997454453770024,0.265020725118785
2.561999999999829,hold,0.13465176499485249,0.025160839755883728,0,0.9997459218443909,0.2683613729179304
2.5739999999998275,hold,0.1351279556956071,0.024646273933980882,0,0.9997463185598506,0.27125206395873247
2.585999999999826,hold,0.1348324086952204,0.02427803314005349,0,0.9997476093859747,0.27439051046318463
2.597999999999825,hold,0.13449460146466571,0.023880569212610784,0,0.9997505862927621,0.2775270095796723
2.6099999999998236,hold,0.134916930346636,0.026468882874674683,0,0.9997552905358438,0.2837385448232015
2.6219999999998223,hold,0.13490428984093197,0.026229749885536672,0,0.9997607146538678,0.2870402790696432
2.633999999999821,hold,0.1344179461792372,0.02516783490525666,0,0.9997668391170101,0.2896041517942241
2.6459999999998196,hold,0.1346128886864372,0.02498554988124106,0,0.9997739356982585,0.2930907299536699
2.6579999999998183,hold,0.13464261564205718,0.024206187476203768,0,0.9997815816493737,0.29602638650316465
2.669999999999817,hold,0.13500135862914006,0.02586101259431851,0,0.9997896522563106,0.30151312285910103
2.6819999999998156,hold,0.13495214425703292,0.024725251433268355,0,0.9997967876735934,0.30408819621888944
2.6939999999998143,hold,0.13509137675621918,0.02373013729956151,0,0.9998030740374909,0.3067520681858532
2.705999999999813,hold,0.13462668335394629,0.022604415098481642,0,0.9998089411216002,0.3092787907367449
2.7179999999998117,hold,0.1351517403226183,0.022327338307678742,0,0.9998142126603612,0.31243221584862413
2.7299999999998104,hold,0.13608553659194292,0.02460931392136385,0,0.9998192711529479,0.318102760882938
2.741999999999809,hold,0.13612588478662535,0.024604348427943328,0,0.9998237007040278,0.3213306733304135
2.7539999999998077,hold,0.13584756210710566,0.024521465417250154,0,0.9998287695205232,0.32447424910461425
2.7659999999998064,hold,0.136192536872439,0.02476134942585721,0,0.999835564765513,0.32786387787719806
2.777999999999805,hold,0.13564134907613642,0.024878024331628123,0,0.9998446503750457,0.3313428486351333
2.7899999999998037,hold,0.13500966684131305,0.027462529168999616,0,0.9998568624702291,0.3375275772010088
2.8019999999998024,hold,0.13431466582017942,0.026712409893463414,0,0.9998699279543948,0.3403063695313297
2.813999999999801,hold,0.13413583278996716,0.026076914835540876,0,0.9998843327109592,0.34334030858341036
2.8259999999998,hold,0.13407182892065278,0.025839396468889053,0,0.9998991692531904,0.3469091290778129
2.8379999999997985,hold,0.13392670381439092,0.02490117073239708,0,0.9999139765864382,0.34988203100386717
2.849999999999797,hold,0.1341018815458661,0.026791734336948723,0,0.9999285086748969,0.355824751769814
2.861999999999796,hold,0.1336338536614463,0.02517042693251065,0,0.9999402436390264,0.35814701655873693
2.8739999999997945,hold,0.13397254973998815,0.024170418673414885,0,0.9999509673391888,0.36104077614650787
2.885999999999793,hold,0.13393819530533627,0.02350379915522864,0,0.999960094052576,0.3641997925593921
2.897999999999792,hold,0.1333598945742233,0.022473337593399412,0,0.9999678353966268,0.3669017257354305
2.9099999999997905,hold,0.13403345852218487,0.02426002377854957,0,0.9999741401555248,0.37225582527600376
2.921999999999789,hold,0.1343075686994426,0.023929298084663646,0,0.9999788386479571,0.3752236328840737
2.933999999999788,hold,0.13463259882508316,0.023780395860563776,0,0.9999827114266766,0.3782243161285016
2.9459999999997866,hold,0.13490325772724765,0.023550252169040966,0,0.999986152645898,0.3810529667847528
2.9579999999997852,hold,0.1347379916631441,0.023685190198572046,0,0.9999893623118543,0.3842716317425304
2.969999999999784,hold,0.13554432352754672,0.026563676905864714,0,0.9999924663066357,0.39024373065125506
2.9819999999997826,hold,0.13575377272501848,0.02643839133290563,0,0.9999946265569445,0.39312632637018846
2.9939999999997813,hold,0.13554516825757953,0.02593183339049759,0,0.9999961879748023,0.39579601612484894
3.00599999999978,hold,0.1351748405827321,0.02540693661680665,0,0.9999975846608107,0.3986282909999899
3.0179999999997786,hold,0.1348699291107534,0.024957088864858038,0,0.9999984277132072,0.4016605319079305
3.0299999999997773,hold,0.13538795047177765,0.027346897358371088,0,0.9999980271522348,0.40763812152503986
3.041999999999776,hold,0.1349923452926219,0.026660227888796944,0,0.9999949514902001,0.41048695449808953
3.0539999999997747,hold,0.13474894308806443,0.026299041133619902,0,0.9999898538010623,0.41374036361403826
3.0659999999997734,hold,0.1347749875602717,0.026155720293332532,0,0.9999821641840725,0.4172534810540336
3.077999999999772,hold,0.13467528045396412,0.025595836288421145,0,0.9999713942482644,0.42042484044403444
3.0899999999997707,hold,0.1352703622400832,0.028191076445800753,0,0.9999570098754894,0.4268411749546847
3.1019999999997694,hold,0.1354182869319527,0.027846210918983955,0,0.9999392268658591,0.4301813492221331
3.113999999999768,hold,0.1353513380768013,0.026931158988841856,0,0.9999174781999333,0.43304825050239115
3.1259999999997667,hold,0.13521171682407782,0.025934131104527657,0,0.9998903528292316,0.4359079920200076
3.1379999999997654,hold,0.13489219188616156,0.02508763240590989,0,0.9998565919483019,0.43888458158607463
3.149999999999764,hold,0.13502483798360773,0.027415095256040533,0,0.9998170077999634,0.4449452992874295
3.161999999999763,hold,0.1346291277082564,0.026700448021832468,0,0.999777372707716,0.4477055208050432
3.1739999999997615,hold,0.13415954848642098,0.026251765907550493,0,0.9997373382515878,0.4507001122484126
3.18599999999976,hold,0.13383349098132546,0.025790501129643307,0,0.9996987453952125,0.45369769974642493
3.197999999999759,hold,0.13346183020671762,0.024996976595873122,0,0.9996634669826789,0.4564404194502757
3.2099999999997575,hold,0.13352618463373958,0.027124729373420222,0,0.9996330640694449,0.46221042666671
3.221999999999756,hold,0.13297035643053026,0.026344145268301533,0,0.9996108133908292,0.4649950651501454
3.233999999999755,hold,0.13251198165152814,0.025948165780118323,0,0.9995941459764608,0.46822161615403385
3.2459999999997535,hold,0.1324112643355021,0.025925981874793155,0,0.9995838330281599,0.47186442043582044
3.257999999999752,hold,0.13229448692024004,0.02553516801811425,0,0.9995804822155754,0.47520782825253277
3.269999999999751,hold,0.1324546055127288,0.027862942019085162,0,0.9995843512212921,0.48139070184529226
3.2819999999997496,hold,0.13223516153987117,0.026897736344822783,0,0.9995940500950218,0.48430372842442604
3.2939999999997482,hold,0.13162069028546625,0.02605815304326059,0,0.9996082036996986,0.48744948014848016
3.305999999999747,hold,0.1319260142141678,0.024724828476444072,0,0.9996269743870867,0.4902118457870342
3.3179999999997456,hold,0.13174676466469984,0.023492152134096344,0,0.999649787644848,0.4930789183785535
3.3299999999997443,hold,0.1319644510057685,0.02584511134474808,0,0.9996737535536837,0.4994578149882354
3.341999999999743,hold,0.13204963725112207,0.022515526560431317,0,0.9996940795067482,0.5
3.3539999999997416,hold,0.13147427709956788,0.018734742990165358,1,0.9997157156706007,0.5
3.3659999999997403,hold,0.1310638500117479,0.015131297210550227,2,0.9997417736164504,0.5
3.377999999999739,hold,0.1308380305051177,0.011836276844999771,3,0.999773027422188,0.5
3.3899999999997377,hold,0.13077342028890912,0.00900864674215983,5,0.9998070403238969,0.5
3.4019999999997363,hold,0.13077553833366626,0.006874354254190321,6,0.9998356292443409,0.5
3.413999999999735,hold,0.1307394936778125,0.005590551606955819,7,0.9998517833283479,0.5
3.4259999999997337,hold,0.13062487848779092,0.005106522743756066,8,0.9998552944563197,0.5
3.4379999999997324,hold,0.13043212865652626,0.005230098182234287,9,0.9998477703288858,0.5
3.449999999999731,attach,0.13010493698226597,0.13010493698226597,0,0.9998361669538292,0.5
3.4619999999997297,attach,0.1294310341924178,0.1294310341924178,0,0.9998313204251428,0.5
3.4739999999997284,attach,0.12818489590259957,0.12818489590259957,0,0.9998294915376131,0.5
3.485999999999727,attach,0.12618139168776693,0.12618139168776693,0,0.999820997013023,0.5
3.4979999999997258,attach,0.1232914528085334,0.1232914528085334,0,0.9997917662926034,0.5
3.5099999999997245,attach,0.11947748499199629,0.11947748499199629,0,0.9997259575230014,0.5
3.521999999999723,attach,0.11477279333938015,0.11477279333938015,0,0.9996212593448868,0.5
3.533999999999722,attach,0.10920059308606012,0.10920059308606012,0,0.9994650233086537,0.5
3.5459999999997205,attach,0.10280134358210344,0.10280134358210344,0,0.9992554046796579,0.5
3.557999999999719,attach,0.09561188005558481,0.09561188005558481,0,0.9989967355358751,0.5
3.569999999999718,attach,0.08766256221515994,0.08766256221515994,0,0.9986968598656395,0.5
3.5819999999997165,attach,0.07899244308185686,0.07899244308185686,0,0.998402946255205,0.5
3.593999999999715,attach,0.0696911002508558,0.0696911002508558,0,0.9981135470285577,0.5
3.605999999999714,attach,0.05997150958734645,0.05997150958734645,0,0.9978487859721338,0.5
3.6179999999997126,attach,0.05003908978346869,0.05003908978346869,0,0.9976220700483618,0.5
3.6299999999997112,attach,0.040117700299066056,0.040117700299066056,0,0.9974511615346626,0.5
3.64199999999971,attach,0.030431822956742106,0.030431822956742106,0,0.9974101422545208,0.5
3.6539999999997086,attach,0.021642619804277625,0.021642619804277625,0,0.9974173345659119,0.5
3.6659999999997073,attach,0.015379618004318755,0.015379618004318755,0,0.997450909373014,0.5
3.677999999999706,attach,0.014354301727966163,0.014354301727966163,0,0.9975088101742127,0.5
3.6899999999997046,attach,0.018205400938988713,0.018205400938988713,0,0.9975927814040619,0.5
3.7019999999997033,attach,0.023478872104457826,0.023478872104457826,0,0.9977200975780551,0.5
3.713999999999702,attach,0.028433452717618938,0.028433452717618938,0,0.9978778227664022,0.5
3.7259999999997007,attach,0.03236991754299212,0.03236991754299212,0,0.9980787812169238,0.5
3.7379999999996993,attach,0.03499271761822891,0.03499271761822891,0,0.9983219473238281,0.5
3.749999999999698,attach,0.036173663977910595,0.036173663977910595,0,0.998595865960025,0.5
3.7619999999996967,attach,0.03586532369302757,0.03586532369302757,0,0.9988769866715619,0.5
3.7739999999996954,attach,0.034181130551909425,0.034181130551909425,0,0.9991284947475279,0.5
3.785999999999694,attach,0.03130511139855518,0.03130511139855518,0,0.9993064477141875,0.5
3.7979999999996927,attach,0.027479527455801275,0.027479527455801275,0,0.9993680485887166,0.5
3.8099999999996914,attach,0.02300314621476169,0.02300314621476169,0,0.9992835215478783,0.5
3.82199999999969,attach,0.01846920081724654,0.01846920081724654,0,0.9990683762787903,0.5
3.8339999999996888,attach,0.014543791226117203,0.014543791226117203,0,0.9987434788883915,0.5
3.8459999999996874,attach,0.011966509997546693,0.011966509997546693,0,0.9983426239322517,0.5
3.857999999999686,attach,0.011251505928131473,0.011251505928131473,0,0.9979065261660558,0.5
3.869999999999685,attach,0.012084059831616461,0.012084059831616461,0,0.9974864545660945,0.5
3.8819999999996835,attach,0.013541965015774983,0.013541965015774983,0,0.9971419702434154,0.5
3.893999999999682,attach,0.014911303184838723,0.014911303184838723,0,0.9969046852512248,0.5
3.905999999999681,attach,0.015909556293522184,0.015909556293522184,0,0.996776476064627,0.5
3.9179999999996795,attach,0.016481977940827817,0.016481977940827817,0,0.9967441062964322,0.5
3.929999999999678,attach,0.016663215351894578,0.016663215351894578,0,0.9967887200417744,0.5
3.941999999999677,attach,0.01652408067787921,0.01652408067787921,0,0.9968948909766464,0.5
3.9539999999996756,attach,0.016137739312110114,0.016137739312110114,0,0.997040291342709,0.5
3.9659999999996742,attach,0.015587047283878885,0.015587047283878885,0,0.9972078821052004,0.5
3.977999999999673,attach,0.01495328545174432,0.01495328545174432,0,0.9973844291186318,0.5
3.9899999999996716,attach,0.014311398381603153,0.014311398381603153,0,0.9975599874070835,0.5
4.00199999999967,attach,0.01373330926025994,0.01373330926025994,0,0.9977291222438702,0.5
4.013999999999669,attach,0.01326313233198141,0.01326313233198141,0,0.9978858267689691,0.5
4.025999999999668,attach,0.012934221135197996,0.012934221135197996,0,0.998027903474336,0.5
4.037999999999666,attach,0.012762688671655054,0.012762688671655054,0,0.9981550894288024,0.5
4.049999999999665,attach,0.012748074974223512,0.012748074974223512,0,0.998268241002835,0.5
4.061999999999664,attach,0.012886110652932659,0.012886110652932659,0,0.99836944656699,0.5
4.073999999999662,attach,0.013145414322707062,0.013145414322707062,0,0.9984604352954595,0.5
4.085999999999661,attach,0.013496256060130819,0.013496256060130819,0,0.9985429109694104,0.5
4.09799999999966,attach,0.013907828588375248,0.013907828588375248,0,0.9986184483820102,0.5
4.109999999999658,attach,0.014350116302730568,0.014350116302730568,0,0.9986884044551918,0.5
4.121999999999657,attach,0.014807487245317589,0.014807487245317589,0,0.9987554461217969,0.5
4.133999999999656,attach,0.015245821783978939,0.015245821783978939,0,0.9988194044614256,0.5
4.145999999999654,attach,0.01564337100084661,0.01564337100084661,0,0.99888042789411,0.5
4.157999999999653,attach,0.015984324286117773,0.015984324286117773,0,0.9989387145917148,0.5
4.169999999999652,attach,0.016258129243177308,0.016258129243177308,0,0.9989943732124383,0.5
4.18199999999965,attach,0.016473340059710503,0.016473340059710503,0,0.9990493442175578,0.5
4.193999999999649,attach,0.016616361616776334,0.016616361616776334,0,0.9991017267182516,0.5
4.205999999999648,attach,0.016688733743005914,0.016688733743005914,0,0.9991510647102779,0.5
4.2179999999996465,attach,0.016698093397491953,0.016698093397491953,0,0.999197221512681,0.5
4.229999999999645,attach,0.016655388125880254,0.016655388125880254,0,0.9992401286814636,0.5
4.241999999999644,attach,0.016586202302066783,0.016586202302066783,0,0.9992808923832937,0.5
4.2539999999996425,attach,0.016490093194794952,0.016490093194794952,0,0.9993181086515739,0.5
4.265999999999641,attach,0.01637776348300488,0.01637776348300488,0,0.9993515891706258,0.5
4.27799999999964,attach,0.016260696663295222,0.016260696663295222,0,0.9993813852870207,0.5
4.2899999999996385,attach,0.01614880657913787,0.01614880657913787,0,0.9994075958025674,0.5
4.301999999999637,attach,0.016060657010870526,0.016060657010870526,0,0.9994307286944031,0.5
4.313999999999636,attach,0.015989966492951882,0.015989966492951882,0,0.999450385614128,0.5
4.325999999999635,attach,0.015937904220545394,0.015937904220545394,0,0.9994666732395546,0.5
4.337999999999633,attach,0.01590510081310244,0.01590510081310244,0,0.99947982916117,0.5
4.349999999999632,attach,0.01589077887783751,0.01589077887783751,0,0.9994900988144237,0.5
4.361999999999631,attach,0.015902475462619112,0.015902475462619112,0,0.9994977142062635,0.5
4.373999999999629,attach,0.015927575734517186,0.015927575734517186,0,0.9995028640818364,0.5
4.385999999999628,attach,0.01596111962535416,0.01596111962535416,0,0.9995058032100834,0.5
4.397999999999627,attach,0.015999363636557098,0.015999363636557098,0,0.9995068188895446,0.5
4.409999999999625,attach,0.016039059164903995,0.016039059164903995,0,0.999506177439025,0.5
4.421999999999624,attach,0.016085868109045182,0.016085868109045182,0,0.9995038752313703,0.5
4.433999999999623,attach,0.016128819260007803,0.016128819260007803,0,0.999500308677856,0.5
4.445999999999621,attach,0.01616477187646427,0.01616477187646427,0,0.9994957156806985,0.5
4.45799999999962,attach,0.016192501705186328,0.016192501705186328,0,0.9994903012692019,0.5
4.469999999999619,attach,0.01621169717572036,0.01621169717572036,0,0.9994842287270338,0.5
4.481999999999617,attach,0.016230021084133586,0.016230021084133586,0,0.9994772269062613,0.5
4.493999999999616,attach,0.016240483057488726,0.016240483057488726,0,0.9994697270247781,0.5
4.505999999999615,attach,0.01624288902404428,0.01624288902404428,0,0.9994618736713413,0.5
4.517999999999613,attach,0.016238459252238466,0.016238459252238466,0,0.9994537455630023,0.5
4.529999999999612,attach,0.016228723547664872,0.016228723547664872,0,0.9994453947458806,0.5
4.541999999999611,attach,0.01622155845850236,0.01622155845850236,0,0.9994363678436203,0.5
4.5539999999996095,attach,0.016211862935302163,0.016211862935302163,0,0.999427109282141,0.5
4.565999999999608,attach,0.016199961655604226,0.016199961655604226,0,0.9994177087268177,0.5
4.577999999999607,attach,0.016186983937377164,0.016186983937377164,0,0.9994081908865612,0.5
4.5899999999996055,attach,0.016173979732926187,0.016173979732926187,0,0.9993985685350192,0.5
4.601999999999604,attach,0.0161670956091549,0.0161670956091549,0,0.9993883430752704,0.5
4.613999999999603,attach,0.016161373214566944,0.016161373214566944,0,0.9993779892359484,0.5
4.6259999999996015,attach,0.016156328729778655,0.016156328729778655,0,0.9993675971740581,0.5
4.6379999999996,attach,0.016152113664824046,0.016152113664824046,0,0.9993571956087872,0.5
4.649999999999599,attach,0.016148832828865194,0.016148832828865194,0,0.9993468077707696,0.5
4.661999999999598,attach,0.016150998376277564,0.016150998376277564,0,0.9993359531226806,0.5
4.673999999999596,attach,0.016153865882441634,0.016153865882441634,0,0.9993251148179937,0.5
4.685999999999595,attach,0.016156577694726313,0.016156577694726313,0,0.9993143868718313,0.5
4.697999999999594,attach,0.01615891797237436,0.01615891797237436,0,0.9993038043750042,0.5
4.709999999999592,attach,0.016160789954268985,0.016160789954268985,0,0.9992933879970954,0.5
4.721999999999591,attach,0.016165932883688786,0.016165932883688786,0,0.9992826790891642,0.5
4.73399999999959,attach,0.01617036491179566,0.01617036491179566,0,0.9992721318610067,0.5
4.745999999999588,attach,0.016173480220618326,0.016173480220618326,0,0.9992618226062454,0.5
4.757999999999587,attach,0.01617523857565361,0.01617523857565361,0,0.9992517752289938,0.5
4.769999999999586,attach,0.0161757931118998,0.0161757931118998,0,0.9992419873133707,0.5
4.781999999999584,attach,0.01617849062275239,0.01617849062275239,0,0.99923202462356,0.5
4.793999999999583,attach,0.01618019788756549,0.01618019788756549,0,0.9992222907569822,0.5
4.805999999999582,attach,0.016180598459640646,0.016180598459640646,0,0.9992128426700105,0.5
4.81799999999958,grasp success,0.016179845221398582,0.016179845221398582,0,0.9992036856939946,0.5
4.829999999999579,grasp success,0.016178214566469985,0.016178214566469985,0,0.9991948044187238,0.5
4.841999999999578,grasp success,0.01617861619717409,0.01617861619717409,0,0.9991857989453652,0.5
4.853999999999576,grasp success,0.016178507181343244,0.016178507181343244,0,0.9991770231103263,0.5
4.865999999999575,grasp success,0.01617765426221032,0.01617765426221032,0,0.9991685228011259,0.5
4.877999999999574,grasp success,0.016176200095490048,0.016176200095490048,0,0.9991602961957191,0.5
4.8899999999995725,grasp success,0.016174340139475378,0.016174340139475378,0,0.999152330213597,0.5
4.901999999999571,grasp success,0.016174490194044815,0.016174490194044815,0,0.9991442664019066,0.5
4.91399999999957,grasp success,0.016174457193519842,0.016174457193519842,0,0.999136421788487,0.5
4.9259999999995685,grasp success,0.01617403733631827,0.01617403733631827,0,0.9991288270000616,0.5
4.937999999999567,grasp success,0.016173272581251633,0.016173272581251633,0,0.9991214843716887,0.5
4.949999999999566,grasp success,0.016172259642700436,0.016172259642700436,0,0.9991143847241452,0.5
4.9619999999995645,grasp success,0.016172964886330056,0.016172964886330056,0,0.999107215868144,0.5
4.973999999999563,grasp success,0.016173539650217526,0.016173539650217526,0,0.9991002504009274,0.5
4.985999999999562,grasp success,0.016173734706310644,0.016173734706310644,0,0.9990935236804789,0.5
4.997999999999561,grasp success,0.016173563373767953,0.016173563373767953,0,0.99908703623295,0.5
5.009999999999559,grasp success,0.016173077918502584,0.016173077918502584,0,0.999080781867873,0.5
5.021999999999558,grasp success,0.016173953891139518,0.016173953891139518,0,0.9990744811417088,0.5
5.033999999999557,grasp success,0.01617463091968453,0.01617463091968453,0,0.999068373199457,0.5
5.045999999999555,grasp success,0.01617490414707239,0.01617490414707239,0,0.9990624873344751,0.5
5.057999999999554,grasp success,0.016174790044298438,0.016174790044298438,0,0.9990568233096189,0.5
5.069999999999553,grasp success,0.016174341190794646,0.016174341190794646,0,0.9990513748754629,0.5
5.081999999999551,grasp success,0.016174976080168664,0.016174976080168664,0,0.9990458989837855,0.5
5.09399999999955,grasp success,0.016175412856106398,0.016175412856106398,0,0.9990405992942685,0.5
5.105999999999549,grasp success,0.016175493859582765,0.016175493859582765,0,0.9990354992731542,0.5
5.117999999999547,grasp success,0.016175242127790774,0.016175242127790774,0,0.9990305979495657,0.5
5.129999999999546,grasp success,0.01617473091951317,0.01617473091951317,0,0.9990258848840244,0.5
5.141999999999545,grasp success,0.016175083987032556,0.016175083987032556,0,0.9990211647857474,0.5
5.153999999999543,grasp success,0.016175322157090888,0.016175322157090888,0,0.9990165946165181,0.5
5.165999999999542,grasp success,0.016175266358691022,0.016175266358691022,0,0.9990122037542137,0.5
5.177999999999541,grasp success,0.016174984886807606,0.016174984886807606,0,0.9990079809813841,0.5
5.189999999999539,grasp success,0.016174512145826065,0.016174512145826065,0,0.9990039225057699,0.5
5.201999999999538,grasp success,0.016174792867148156,0.016174792867148156,0,0.9989998595242263,0.5
5.213999999999537,grasp success,0.01617498092830125,0.01617498092830125,0,0.99899593152629,0.5
5.2259999999995355,grasp success,0.016174964509707707,0.016174964509707707,0,0.9989921542748388,0.5
5.237999999999534,grasp success,0.01617474965428111,0.01617474965428111,0,0.998988527801375,0.5
5.249999999999533,grasp success,0.016174382690949465,0.016174382690949465,0,0.9989850441247161,0.5
5.2619999999995315,grasp success,0.016174616101752658,0.016174616101752658,0,0.9989815661444605,0.5
5.27399999999953,grasp success,0.016174808460621463,0.016174808460621463,0,0.9989781992914285,0.5
5.285999999999529,grasp success,0.016174834121741293,0.016174834121741293,0,0.9989749624891614,0.5
5.2979999999995275,grasp success,0.016174691769743677,0.016174691769743677,0,0.998971856442876,0.5
5.309999999999526,grasp success,0.016174417903146422,0.016174417903146422,0,0.998968874367421,0.5
5.321999999999525,grasp success,0.016174647756053734,0.016174647756053734,0,0.9989658980176945,0.5
5.333999999999524,grasp success,0.016174818971018076,0.016174818971018076,0,0.998963022613088,0.5
5.345999999999522,grasp success,0.016174849810519865,0.016174849810519865,0,0.9989602587223056,0.5
5.357999999999521,grasp success,0.016174709728330905,0.016174709728330905,0,0.9989576128332494,0.5
5.36999999999952,grasp success,0.016174486631233886,0.016174486631233886,0,0.9989550672030815,0.5
5.381999999999518,grasp success,0.016174668244668462,0.016174668244668462,0,0.9989525309586651,0.5
5.393999999999517,grasp success,0.01617480423155084,0.01617480423155084,0,0.9989500810256559,0.5
5.405999999999516,grasp success,0.016174825921850586,0.016174825921850586,0,0.998947726010136,0.5
5.417999999999514,grasp success,0.016174726343097745,0.016174726343097745,0,0.9989454676018271,0.5
5.429999999999513,grasp success,0.01617450535688252,0.01617450535688252,0,0.9989433063366524,0.5
5.441999999999512,grasp success,0.016174640527888407,0.016174640527888407,0,0.9989411499603938,0.5
5.45399999999951,grasp success,0.016174744415144965,0.016174744415144965,0,0.9989390666073457,0.5
5.465999999999509,grasp success,0.0161747583063445,0.0161747583063445,0,0.9989370637061719,0.5
5.477999999999508,grasp success,0.0161746730870239,0.0161746730870239,0,0.9989351432645979,0.5
5.489999999999506,grasp success,0.01617448313193663,0.01617448313193663,0,0.9989333069360974,0.5
5.501999999999505,grasp success,0.016174583654394364,0.016174583654394364,0,0.9989314769470815,0.5
5.513999999999504,grasp success,0.01617466536055494,0.01617466536055494,0,0.9989297082762946,0.5
5.525999999999502,grasp success,0.016174677230644623,0.016174677230644623,0,0.9989280075007566,0.5
5.537999999999501,grasp success,0.016174580839286953,0.016174580839286953,0,0.9989263831437791,0.5
5.5499999999995,grasp success,0.016174451698615464,0.016174451698615464,0,0.998924818788709,0.5
5.5619999999994985,grasp success,0.016174525065111925,0.016174525065111925,0,0.998923268795059,0.5
5.573999999999497,grasp success,0.016174549628443252,0.016174549628443252,0,0.9989217791550788,0.5
5.585999999999496,grasp success,0.016174554541012603,0.016174554541012603,0,0.998920339230946,0.5
5.5979999999994945,grasp success,0.01617450842764163,0.01617450842764163,0,0.9989189550861847,0.5
5.609999999999493,grasp success,0.016174382174062137,0.016174382174062137,0,0.998917634028209,0.5
5.621999999999492,grasp success,0.0161744432367744,0.0161744432367744,0,0.9989163211102576,0.5
5.6339999999994905,grasp success,0.016174502036218768,0.016174502036218768,0,0.99891505360608,0.5
5.645999999999489,grasp success,0.01617449508781257,0.01617449508781257,0,0.9989138359048733,0.5
5.657999999999488,grasp success,0.016174389804185396,0.016174389804185396,0,0.9989126715068875,0.5
5.669999999999487,grasp success,0.016174209324591897,0.016174209324591897,0,0.9989115564857199,0.5
5.681999999999485,grasp success,0.016174133861388943,0.016174133861388943,0,0.998910457037208,0.5
5.693999999999484,grasp success,0.016174085828030444,0.016174085828030444,0,0.9989093916916367,0.5
5.705999999999483,grasp success,0.0161740380762956,0.0161740380762956,0,0.9989083646682441,0.5
5.717999999999481,grasp success,0.016173979018501476,0.016173979018501476,0,0.998907377848793,0.5
5.72999999999948,grasp success,0.016173913892415306,0.016173913892415306,0,0.9989064296000727,0.5
5.741999999999479,grasp success,0.016173944038199207,0.016173944038199207,0,0.998905495834639,0.5
5.753999999999477,grasp success,0.01617400737427381,0.01617400737427381,0,0.9989045892747594,0.5
5.765999999999476,grasp success,0.01617406694197804,0.01617406694197804,0,0.9989037147314997,0.5
5.777999999999475,grasp success,0.016174112520381194,0.016174112520381194,0,0.9989028646939127,0.5
5.789999999999473,grasp success,0.016174134680087056,0.016174134680087056,0,0.9989020542473102,0.5
5.801999999999472,grasp success,0.016174199830848054,0.016174199830848054,0,0.9989012631850407,0.5
5.813999999999471,grasp success,0.01617428090523065,0.01617428090523065,0,0.998900490213966,0.5
5.825999999999469,grasp success,0.016174339016227765,0.016174339016227765,0,0.9988997452086965,0.5
5.837999999999468,grasp success,0.0161743632173413,0.0161743632173413,0,0.9988990362608399,0.5
5.849999999999467,grasp success,0.016174348665826187,0.016174348665826187,0,0.9988983586095846,0.5
5.861999999999465,grasp success,0.016174338075196287,0.016174338075196287,0,0.9988976980575975,0.5
5.873999999999464,grasp success,0.016174321512442736,0.016174321512442736,0,0.9988970595023103,0.5
5.885999999999463,grasp success,0.016174270401640413,0.016174270401640413,0,0.9988964478397626,0.5
5.8979999999994615,grasp success,0.01617424177878257,0.01617424177878257,0,0.9988958515516599,0.5
5.90999999999946,grasp success,0.01617417021432507,0.01617417021432507,0,0.9988952837504746,0.5
5.921999999999459,grasp success,0.01617413590761076,0.01617413590761076,0,0.9988947232516432,0.5
5.9339999999994575,grasp success,0.016174136791740637,0.016174136791740637,0,0.9988941710624087,0.5
5.945999999999456,grasp success,0.016174119687796827,0.016174119687796827,0,0.9988936404345692,0.5
5.957999999999455,grasp success,0.016174130227428904,0.016174130227428904,0,0.9988931275977059,0.5
5.9699999999994535,grasp success,0.01617413153205381,0.01617413153205381,0,0.9988926360821051,0.5
5.981999999999452,grasp success,0.016174120184018786,0.016174120184018786,0,0.9988921589074412,0.5
5.993999999999451,grasp success,0.016174136826021153,0.016174136826021153,0,0.9988916897994355,0.5
6.00599999999945,grasp success,0.016174158900199735,0.016174158900199735,0,0.9988912347634041,0.5
6.017999999999448,grasp success,0.016174173658329006,0.016174173658329006,0,0.9988907998369989,0.5
6.029999999999447,grasp success,0.016174179551020722,0.016174179551020722,0,0.9988903781029651,0.5
6.041999999999446,grasp success,0.016174157759051237,0.016174157759051237,0,0.9988899733341272,0.5
6.053999999999444,grasp success,0.016174158093379565,0.016174158093379565,0,0.9988895793385433,0.5
6.065999999999443,grasp success,0.016174166154009777,0.016174166154009777,0,0.9988891951791341,0.5
6.077999999999442,grasp success,0.016174167704988595,0.016174167704988595,0,0.9988888234914324,0.5
6.08999999999944,grasp success,0.016174161348591756,0.016174161348591756,0,0.9988884680331953,0.5
6.101999999999439,grasp success,0.01617409405664636,0.01617409405664636,0,0.9988881313596831,0.5
6.113999999999438,grasp success,0.016174080082506502,0.016174080082506502,0,0.9988877972539593,0.5
6.125999999999436,grasp success,0.01617407358503964,0.01617407358503964,0,0.9988874742982262,0.5
6.137999999999435,grasp success,0.016174033355316624,0.016174033355316624,0,0.9988871696750159,0.5
6.149999999999434,grasp success,0.01617401999760206,0.01617401999760206,0,0.9988868701120508,0.5
6.161999999999432,grasp success,0.016173958587488223,0.016173958587488223,0,0.9988865834211216,0.5
6.173999999999431,grasp success,0.0161739213965954,0.0161739213965954,0,0.9988863052847,0.5
6.18599999999943,grasp success,0.01617390062014192,0.01617390062014192,0,0.9988860358227902,0.5
6.197999999999428,grasp success,0.016173879810483273,0.016173879810483273,0,0.9988857772699891,0.5
6.209999999999427,grasp success,0.01617385446188517,0.01617385446188517,0,0.9988855293530113,0.5
6.221999999999426,grasp success,0.01617377320942961,0.01617377320942961,0,0.9988852916252011,0.5
6.2339999999994244,grasp success,0.01617371758179405,0.01617371758179405,0,0.9988850598243344,0.5
6.245999999999423,grasp success,0.016173671743563118,0.016173671743563118,0,0.9988848335895264,0.5
6.257999999999422,grasp success,0.016173608484577627,0.016173608484577627,0,0.9988846183210954,0.5
6.2699999999994205,grasp success,0.01617358268739454,0.01617358268739454,0,0.9988844025899015,0.5
6.281999999999419,grasp success,0.016173484478977568,0.016173484478977568,0,0.9988842045703477,0.5
6.293999999999418,grasp success,0.016173385086666527,0.016173385086666527,0,0.9988840150858374,0.5
6.3059999999994165,grasp success,0.016173340491143964,0.016173340491143964,0,0.9988838309107742,0.5
6.317999999999415,grasp success,0.01617332527018917,0.01617332527018917,0,0.998883651390832,0.5
6.329999999999414,grasp success,0.016173401124225693,0.016173401124225693,0,0.9988834680443411,0.5
6.3419999999994126,grasp success,0.016173411453241436,0.016173411453241436,0,0.9988832988920645,0.5
6.353999999999411,grasp success,0.01617345820702819,0.01617345820702819,0,0.9988831281525846,0.5
6.36599999999941,grasp success,0.016173490007079978,0.016173490007079978,0,0.9988829639749075,0.5
6.377999999999409,grasp success,0.01617347688907009,0.01617347688907009,0,0.9988828098131759,0.5
6.389999999999407,grasp success,0.016173431801764705,0.016173431801764705,0,0.9988826640240213,0.5
6.401999999999406,grasp success,0.016173301131815566,0.016173301131815566,0,0.9988825346633677,0.5
6.413999999999405,grasp success,0.016173187815875036,0.016173187815875036,0,0.9988824057479652,0.5
6.425999999999403,grasp success,0.016173091376039825,0.016173091376039825,0,0.9988822782507636,0.5
6.437999999999402,grasp success,0.01617299559399707,0.01617299559399707,0,0.9988821553444491,0.5
6.449999999999401,grasp success,0.016172983748096066,0.016172983748096066,0,0.9988820228615556,0.5
6.461999999999399,grasp success,0.01617287915435498,0.01617287915435498,0,0.9988819074543949,0.5
6.473999999999398,grasp success,0.016172790248962912,0.016172790248962912,0,0.9988817947902588,0.5
6.485999999999397,grasp success,0.016172734723003998,0.016172734723003998,0,0.9988816839734267,0.5
6.497999999999395,grasp success,0.01617271164783813,0.01617271164783813,0,0.9988815760279524,0.5
6.509999999999394,grasp success,0.016172717593264465,0.016172717593264465,0,0.9988814708911183,0.5
6.521999999999393,grasp success,0.016172678501379406,0.016172678501379406,0,0.9988813754872577,0.5
6.533999999999391,grasp success,0.016172690650343137,0.016172690650343137,0,0.9988812755971608,0.5
6.54599999999939,grasp success,0.016172714362043934,0.016172714362043934,0,0.9988811786753815,0.5
6.557999999999389,grasp success,0.016172810179300796,0.016172810179300796,0,0.9988810737325706,0.5
6.569999999999387,grasp success,0.016172890944227417,0.016172890944227417,0,0.9988809743035869,0.5
6.581999999999386,grasp success,0.016172901447446025,0.016172901447446025,0,0.9988808869323682,0.5
6.593999999999385,grasp success,0.016172956763882158,0.016172956763882158,0,0.9988807963065147,0.5
6.6059999999993835,grasp success,0.016173022751459373,0.016173022751459373,0,0.9988807061038082,0.5
6.617999999999382,grasp success,0.016173095287973546,0.016173095287973546,0,0.9988806165594817,0.5
6.629999999999381,grasp success,0.01617317326027945,0.01617317326027945,0,0.9988805329613999,0.5
6.6419999999993795,grasp success,0.016173215787157184,0.016173215787157184,0,0.9988804536640945,0.5
6.653999999999378,grasp success,0.016173286442942744,0.016173286442942744,0,0.9988803735929752,0.5
6.665999999999377,grasp success,0.01617336033143491,0.01617336033143491,0,0.9988802933293436,0.5
6.6779999999993755,grasp success,0.01617342462553785,0.01617342462553785,0,0.9988802160808613,0.5
6.689999999999374,grasp success,0.016173447027458487,0.016173447027458487,0,0.9988801459473187,0.5
6.701999999999373,grasp success,0.016173417152703436,0.016173417152703436,0,0.9988800834888166,0.5
6.713999999999372,grasp success,0.016173379536869124,0.016173379536869124,0,0.9988800205911929,0.5
6.72599999999937,grasp success,0.01617337740293315,0.01617337740293315,0,0.9988799546478622,0.5
6.737999999999369,grasp success,0.016173397924763626,0.016173397924763626,0,0.99887988765562,0.5
6.749999999999368,grasp success,0.016173403203043342,0.016173403203043342,0,0.9988798241797321,0.5
6.761999999999366,grasp success,0.016173346306726847,0.016173346306726847,0,0.998879772015572,0.5
6.773999999999365,grasp success,0.01617329693060166,0.01617329693060166,0,0.9988797199923435,0.5
6.785999999999364,grasp success,0.01617329606246393,0.01617329606246393,0,0.9988796608270152,0.5
6.797999999999362,grasp success,0.016173296505240436,0.016173296505240436,0,0.9988796038239142,0.5
6.809999999999361,grasp success,0.016173303528564723,0.016173303528564723,0,0.9988795493764483,0.5
6.82199999999936,grasp success,0.016173228545761083,0.016173228545761083,0,0.9988795060798608,0.5
6.833999999999358,grasp success,0.016173207007390143,0.016173207007390143,0,0.998879458310481,0.5
6.845999999999357,grasp success,0.01617322106111056,0.01617322106111056,0,0.9988794083549593,0.5
6.857999999999356,grasp success,0.01617322710340364,0.01617322710340364,0,0.9988793590786961,0.5
6.869999999999354,grasp success,0.016173228299601772,0.016173228299601772,0,0.998879311321973,0.5
6.881999999999353,grasp success,0.016173159330966684,0.016173159330966684,0,0.9988792740020429,0.5
6.893999999999352,grasp success,0.016173132578068305,0.016173132578068305,0,0.9988792333059533,0.5
6.90599999999935,grasp success,0.01617313814303179,0.01617313814303179,0,0.9988791898488133,0.5
6.917999999999349,grasp success,0.016173110808485974,0.016173110808485974,0,0.9988791534460179,0.5
6.929999999999348,grasp success,0.01617310269538428,0.01617310269538428,0,0.9988791170753871,0.5
6.9419999999993465,grasp success,0.016173065402393022,0.016173065402393022,0,0.9988790840653342,0.5
6.953999999999345,grasp success,0.016173058871874733,0.016173058871874733,0,0.9988790471541187,0.5
6.965999999999344,grasp success,0.016173046827879567,0.016173046827879567,0,0.9988790147106492,0.5
6.9779999999993425,grasp success,0.016173099673861827,0.016173099673861827,0,0.9988789763985119,0.5
6.989999999999341,grasp success,0.016173140637141554,0.016173140637141554,0,0.9988789387004028,0.5
7.001999999999341,grasp success,0.016173105132519554,0.016173105132519554,0,0.998878911192943,0.5
7.011999999999344,grasp success,0.016173112340291892,0.016173112340291892,0,0.9988788834532107,0.5
7.021999999999347,grasp success,0.016173117409972994,0.016173117409972994,0,0.9988788565420346,0.5
7.031999999999351,grasp success,0.016173120539115196,0.016173120539115196,0,0.9988788304458002,0.5
7.041999999999354,grasp success,0.01617309774806422,0.01617309774806422,0,0.9988788103557233,0.5
7.0519999999993574,grasp success,0.01617310144676862,0.01617310144676862,0,0.9988787857751367,0.5
7.061999999999361,grasp success,0.01617310388153265,0.01617310388153265,0,0.9988787614732602,0.5
7.071999999999364,grasp success,0.016173104368216392,0.016173104368216392,0,0.9988787377062796,0.5
7.0819999999993675,grasp success,0.01617310277062377,0.01617310277062377,0,0.998878714577485,0.5
7.091999999999371,grasp success,0.01617309913731837,0.01617309913731837,0,0.9988786921182526,0.5
7.101999999999374,grasp success,0.016173093575967797,0.016173093575967797,0,0.998878670325861,0.5
7.1119999999993775,grasp success,0.016173086344975822,0.016173086344975822,0,0.9988786491731115,0.5
7.121999999999381,grasp success,0.01617307775334659,0.01617307775334659,0,0.9988786286236032,0.5
7.131999999999384,grasp success,0.01617306797075757,0.01617306797075757,0,0.9988786086486096,0.5
7.1419999999993875,grasp success,0.016173057258122348,0.016173057258122348,0,0.9988785891969181,0.5
7.151999999999391,grasp success,0.016173045602089802,0.016173045602089802,0,0.9988785702584773,0.5
7.161999999999394,grasp success,0.01617303306501396,0.01617303306501396,0,0.9988785518159968,0.5
7.1719999999993975,grasp success,0.016173019831420127,0.016173019831420127,0,0.9988785338415189,0.5
7.181999999999401,grasp success,0.016173006010557718,0.016173006010557718,0,0.9988785163136022,0.5
7.191999999999404,grasp success,0.016172991683293433,0.016172991683293433,0,0.9988784992136859,0.5
7.2019999999994075,grasp success,0.01617297696990292,0.01617297696990292,0,0.9988784825249317,0.5
7.211999999999411,grasp success,0.016172961834894698,0.016172961834894698,0,0.9988784662452722,0.5
7.221999999999414,grasp success,0.01617294659941825,0.01617294659941825,0,0.9988784503189785,0.5
7.231999999999418,grasp success,0.016172931177634187,0.016172931177634187,0,0.9988784347624545,0.5
7.241999999999421,grasp success,0.0161729158879492,0.0161729158879492,0,0.9988784195243352,0.5
7.251999999999424,grasp success,0.016172881677589495,0.016172881677589495,0,0.9988784086424672,0.5
7.261999999999428,grasp success,0.01617287169192356,0.01617287169192356,0,0.9988783935025481,0.5
7.271999999999431,grasp success,0.016172860983512553,0.016172860983512553,0,0.998878378575497,0.5
7.281999999999434,grasp success,0.01617284969118396,0.01617284969118396,0,0.9988783639519448,0.5
7.291999999999438,grasp success,0.016172838065621753,0.016172838065621753,0,0.998878349651916,0.5
7.301999999999441,grasp success,0.016172826041929874,0.016172826041929874,0,0.9988783356951654,0.5
7.311999999999444,grasp success,0.016172814711206716,0.016172814711206716,0,0.998878322065858,0.5
7.321999999999448,grasp success,0.016172805640117457,0.016172805640117457,0,0.9988783086065585,0.5
7.331999999999451,grasp success,0.016172799108833433,0.016172799108833433,0,0.9988782952807025,0.5
7.341999999999454,grasp success,0.01617279494426951,0.01617279494426951,0,0.9988782820940194,0.5
7.351999999999458,grasp success,0.016172776112912898,0.016172776112912898,0,0.9988782731114376,0.5
7.361999999999461,grasp success,0.01617278017917134,0.01617278017917134,0,0.9988782597799294,0.5
7.371999999999464,grasp success,0.016172784270285883,0.016172784270285883,0,0.9988782465647417,0.5
7.381999999999468,grasp success,0.01617271971677878,0.01617271971677878,0,0.9988782530788848,0.5
7.391999999999471,grasp success,0.016172706542537087,0.016172706542537087,0,0.9988782473338108,0.5
7.401999999999474,grasp success,0.01617270638521213,0.01617270638521213,0,0.9988782364686217,0.5
7.411999999999478,grasp success,0.016172714844942364,0.016172714844942364,0,0.9988782231537268,0.5
7.421999999999481,grasp success,0.01617269825107098,0.01617269825107098,0,0.9988782122255557,0.5
7.431999999999484,grasp success,0.01617269791768346,0.01617269791768346,0,0.9988781999332261,0.5
7.441999999999488,grasp success,0.016172711433354046,0.016172711433354046,0,0.9988781861732872,0.5
7.451999999999491,grasp success,0.016172731249157177,0.016172731249157177,0,0.9988781718325347,0.5
7.461999999999494,grasp success,0.01617275271642169,0.01617275271642169,0,0.9988781575113608,0.5
7.471999999999498,grasp success,0.016172772734951806,0.016172772734951806,0,0.9988781435995974,0.5
7.481999999999501,grasp success,0.01617278949740852,0.01617278949740852,0,0.9988781302917578,0.5
7.491999999999504,grasp success,0.016172801736464345,0.016172801736464345,0,0.998878117686516,0.5
7.501999999999508,grasp success,0.016172792400814387,0.016172792400814387,0,0.9988781098068804,0.5
7.511999999999511,grasp success,0.0161727999378918,0.0161727999378918,0,0.9988780980563681,0.5
7.521999999999514,grasp success,0.016172801778228156,0.016172801778228156,0,0.9988780868791889,0.5
7.531999999999518,grasp success,0.016172798722623633,0.016172798722623633,0,0.9988780763072669,0.5
7.541999999999521,grasp success,0.0161727913609091,0.0161727913609091,0,0.9988780663210142,0.5
7.551999999999524,grasp success,0.016172780057628733,0.016172780057628733,0,0.9988780568974638,0.5
7.561999999999528,grasp success,0.016172765932908107,0.016172765932908107,0,0.9988780479258368,0.5
7.571999999999531,grasp success,0.01617274975059064,0.01617274975059064,0,0.9988780393206381,0.5
7.5819999999995344,grasp success,0.016172700312302328,0.016172700312302328,0,0.9988780357822112,0.5
7.591999999999538,grasp success,0.016172663431138552,0.016172663431138552,0,0.9988780307396369,0.5
7.601999999999541,grasp success,0.01617263978274117,0.01617263978274117,0,0.9988780238335581,0.5
7.6119999999995445,grasp success,0.016172624308342015,0.016172624308342015,0,0.9988780158683387,0.5
7.621999999999548,grasp success,0.01617261394159015,0.01617261394159015,0,0.9988780073743702,0.5
7.631999999999551,grasp success,0.01617257990690604,0.01617257990690604,0,0.9988780036055908,0.5
7.6419999999995545,grasp success,0.016172569015915687,0.016172569015915687,0,0.9988779959134072,0.5
7.651999999999558,grasp success,0.016172565097871714,0.016172565097871714,0,0.9988779873267614,0.5
7.661999999999561,grasp success,0.01617256495474751,0.01617256495474751,0,0.998877978348203,0.5
7.6719999999995645,grasp success,0.016172566514731843,0.016172566514731843,0,0.9988779693035655,0.5
7.681999999999568,grasp success,0.016172568382973606,0.016172568382973606,0,0.9988779603898998,0.5
7.691999999999571,grasp success,0.016172569621233576,0.016172569621233576,0,0.9988779517185651,0.5
7.7019999999995745,grasp success,0.016172562494899723,0.016172562494899723,0,0.9988779472823162,0.5
7.711999999999578,grasp success,0.016172574307569652,0.016172574307569652,0,0.9988779383769634,0.5
7.721999999999581,grasp success,0.016172545097531174,0.016172545097531174,0,0.9988779352320234,0.5
7.7319999999995845,grasp success,0.016172488431101625,0.016172488431101625,0,0.9988779349245294,0.5
7.741999999999588,grasp success,0.016172456828780084,0.016172456828780084,0,0.9988779312900088,0.5
7.751999999999591,grasp success,0.016172445914236836,0.016172445914236836,0,0.9988779247030966,0.5
7.761999999999595,grasp success,0.016172409358122697,0.016172409358122697,0,0.998877921978421,0.5
7.771999999999598,grasp success,0.01617236017444279,0.01617236017444279,0,0.9988779205636111,0.5
7.781999999999601,grasp success,0.01617234505792965,0.01617234505792965,0,0.9988779152402821,0.5
7.791999999999605,grasp success,0.016172355767527218,0.016172355767527218,0,0.998877906583828,0.5
7.801999999999608,grasp success,0.01617234353792763,0.01617234353792763,0,0.9988779016765266,0.5
7.811999999999611,grasp success,0.016172350497840535,0.016172350497840535,0,0.9988778943209269,0.5
7.821999999999615,grasp success,0.016172374332330076,0.016172374332330076,0,0.998877884553291,0.5
7.831999999999618,grasp success,0.01617240786779572,0.01617240786779572,0,0.9988778733001891,0.5
7.841999999999621,grasp success,0.01617243593143816,0.01617243593143816,0,0.9988778656929083,0.5
7.851999999999625,grasp success,0.016172481590848414,0.016172481590848414,0,0.998877853627467,0.5
7.861999999999628,grasp success,0.016172479537486947,0.016172479537486947,0,0.9988778487954825,0.5
7.871999999999631,grasp success,0.016172439823197785,0.016172439823197785,0,0.9988778480992928,0.5
7.881999999999635,grasp success,0.016172419725786476,0.016172419725786476,0,0.9988778441498724,0.5
7.891999999999638,grasp success,0.01617241584178126,0.01617241584178126,0,0.9988778373930052,0.5
7.901999999999641,grasp success,0.016172419338999457,0.016172419338999457,0,0.9988778292783539,0.5
7.911999999999645,grasp success,0.016172425050063003,0.016172425050063003,0,0.99887782071008,0.5
7.921999999999648,grasp success,0.01617242992774605,0.01617242992774605,0,0.9988778122093129,0.5
7.931999999999651,grasp success,0.016172432247215034,0.016172432247215034,0,0.9988778040514328,0.5
7.941999999999655,grasp success,0.01617243114738048,0.01617243114738048,0,0.9988777963611856,0.5
7.951999999999658,grasp success,0.016172426343284297,0.016172426343284297,0,0.9988777891737225,0.5
7.961999999999661,grasp success,0.016172417933673744,0.016172417933673744,0,0.9988777824725378,0.5
7.971999999999665,grasp success,0.016172405838361305,0.016172405838361305,0,0.9988777762598212,0.5
7.981999999999668,grasp success,0.016172391073111497,0.016172391073111497,0,0.9988777704273211,0.5
7.991999999999671,grasp success,0.016172346438377776,0.016172346438377776,0,0.9988777709047802,0.5
