episode,x_start,x_end,speed,y_noise_mean,y_noise_std,noise_seed,kf_seed,base_duration_s,max_time_s,steps_total,sim_time_s,success,zone_steps,zone_time_s,zone_ratio,target_err_mean,target_err_min,target_err_p95,hold_steps,hold_err_mean,hold_err_p95,attach_steps,attach_err_mean,attach_err_p95
1,-0.5214013793565551,0.6870696727284644,0.45890622077684895,0.008995106300789354,0.005,1269010341,462146401,2.6333725658355354,8.633372565835536,4317,8.633999999999553,1,57,0.114,0.01320361362056984,0.09744509732198509,0.008195042207476633,0.6204878209151632,780,0.36741234386634164,0.9802870706119875,3537,0.021770917707572807,0.037217498396577814
2,-1.0600344783471238,0.7270555009282269,0.2928717993300677,0.005469374267664599,0.005,1002755584,2002279890,6.101953084466468,12.101953084466468,6051,12.10200000000071,1,26,0.052000000000000005,0.004296810444554619,0.1509031689665931,0.010862587631547791,1.0492449190029713,1055,0.6472963444034194,1.4154020786649422,4996,0.03432452013220175,0.13577551957035885
3,-0.573226393383822,0.7170160072211289,0.38338737685669655,0.011028025973516712,0.005,772595150,1888308469,3.365375279654084,9.365375279654085,4683,9.365999999999797,1,55,0.11,0.01174460815716421,0.10288915001827151,0.006497893012186555,0.6373114860266881,850,0.39118421741057474,1.0136523885007955,3833,0.022904398328478497,0.03278419135728584
4,-0.8107722877514483,0.7398001352949404,0.15456027930155117,0.01654920251395793,0.005,828602507,935497554,10.03215334530537,16.032153345305368,8017,16.034000000001992,1,119,0.23800000000000002,0.014843457652488462,0.10433064992334333,0.010393189070296256,0.7774852607461281,890,0.6501636546535391,1.2204671288805564,7127,0.03084357989226312,0.09284517463259782
5,-0.8936225389490077,0.6101509170489652,0.4466288392763218,0.0078203342210664,0.005,272692330,1094577603,3.366942131266211,9.36694213126621,4684,9.367999999999798,1,73,0.146,0.015584970111016226,0.14159714294998,0.0016845890876680963,0.8528537251939747,1085,0.4691967077852418,1.2553120390459984,3599,0.02246126280190065,0.037280527014696085
6,-0.9915817710078559,0.46385198688000395,0.17165925462299172,0.014088772437366257,0.005,2024417915,1141144975,8.47862098134103,14.47862098134103,7240,14.480000000001505,1,287,0.5740000000000001,0.039640883977900554,0.1437468958686229,0.014786748195564695,1.0043664506652847,1355,0.5602735431354694,1.343808085600122,5885,0.03410115762329995,0.10263622823666507
7,-0.5752816015397156,0.4270983190437564,0.16957718862056498,0.0066405900149583575,0.005,1952292173,1608060721,5.911054008722441,11.911054008722441,5956,11.912000000000647,1,25,0.05,0.0041974479516454,0.09722920463015274,0.007909443564863006,0.6081347679177981,965,0.422874949260685,1.0256696924391229,4991,0.020888101329748145,0.024509462631929574
8,-0.5494103117593084,0.5915582201521778,0.48275361004816886,0.017924465781145035,0.005,885016550,895172049,2.363459346886378,8.363459346886378,4182,8.363999999999463,1,0,0.0,0.0,0.11312821103093518,0.00688153330365234,0.647973743489995,1175,0.26354384707244904,0.9679247439809928,3007,0.02307637603784415,0.0445840174851308
9,-1.0651335684848557,0.7218513418084886,0.3043665277034423,0.007732194825369766,0.005,1072142926,444839761,5.871161076011888,11.871161076011887,5936,11.872000000000634,1,186,0.372,0.03133423180592992,0.15059914927036944,0.014817884252710672,1.0546227362984943,865,0.7669269529846099,1.431146535345098,5071,0.03708482082499944,0.15286069430069216
10,-0.9328413615444964,0.34971787868825077,0.30803464851147033,0.01972502705484506,0.005,2097883089,10644000,4.163684982941093,10.163684982941092,5082,10.164000000000064,1,34,0.068,0.006690279417552145,0.16737285591945822,0.012967970302526223,0.9262142697603947,1170,0.5201651331284294,1.2920560863891917,3912,0.04201056455737737,0.046879889896985015
11,-0.5051505038873673,0.4369863410617344,0.34858559727894745,0.016819673409829535,0.005,2054219,1284739449,2.702741743501177,8.702741743501177,4352,8.703999999999576,1,55,0.11,0.012637867647058824,0.10030985752476072,0.0074338152372793705,0.6359232669830712,790,0.38255259807363423,0.972548665240965,3562,0.021425109837764154,0.03246556437591777
12,-0.635143779236128,0.4945097798234975,0.3876014879751466,0.016950959595316967,0.005,2106356452,672869837,2.91447167801394,8.914471678013939,4458,8.915999999999647,1,50,0.1,0.011215791834903545,0.11354820685777169,0.004356771317163797,0.7023854029537655,895,0.40766023807555357,1.0552739207044972,3563,0.021652345877272237,0.033907904679733376
13,-0.6301690767669349,0.21191340224661367,0.12409065579241241,0.010612911826852377,0.005,401942296,1809822167,6.786026503254552,12.786026503254552,6394,12.78800000000094,1,0,0.0,0.0,0.10126145461186198,0.0072185214399407395,0.6855117457046964,970,0.49687252542980187,1.0706129875415322,5424,0.019434848218508532,0.02214954921026069
14,-0.6417594234700046,0.3936703619484394,0.4854328613425538,0.007639015259593658,0.005,181052609,893821600,2.133003073905571,8.13300307390557,4067,8.133999999999386,1,0,0.0,0.0,0.12116321106831883,0.007984118996505675,0.7139586548007394,1100,0.3196238444995927,1.0371540763778206,2967,0.019939277865180533,0.02618830376646246
15,-0.7864379357557297,0.4548608398321157,0.2628596498814766,0.006004873660228977,0.005,1110496718,905784460,4.722287259180126,10.722287259180126,5362,10.72400000000025,1,0,0.0,0.0,0.1300198550022921,0.00972062254433611,0.7808929904320151,1135,0.46927049662919085,1.1746879806296517,4227,0.021432043985223366,0.027978912271535233
16,-0.655045146105285,0.43837441647976216,0.34673638085383673,0.009477517570877203,0.005,1170918536,185381386,3.153460735480097,9.153460735480097,4577,9.153999999999726,1,10,0.02,0.002184837229626393,0.11572995229990174,0.005811228738724142,0.7145247690659736,920,0.420207980335277,1.0769855033320443,3657,0.02134871693489545,0.031041132198748256
17,-0.5587129039270418,0.3375116959050686,0.18316068593876378,0.012614685097571701,0.005,1743464936,1937336380,4.8931057188317455,10.893105718831745,5447,10.894000000000307,1,0,0.0,0.0,0.1000390864750249,0.007816839058082361,0.6225804880988983,925,0.41900370300944967,1.013052664495528,4522,0.020457664807744576,0.024976822727122486
18,-0.5970427230714846,0.6899618177180191,0.20904386884905107,0.013496013564680713,0.005,1590222927,1578902054,6.156624195081463,12.156624195081463,6079,12.15800000000073,1,0,0.0,0.0,0.09525739764159204,0.008236555371298223,0.6061725442878001,920,0.4366612374872836,1.0394798024322733,5159,0.022102684378638715,0.026244338902805264
19,-0.5253693540627558,0.5289396458244653,0.21416777447299135,0.009700183649722454,0.005,1933157178,714513807,4.922818115291102,10.922818115291102,5462,10.924000000000317,1,5,0.01,0.0009154155986818016,0.09500189739687259,0.010270249948032483,0.5895872059652834,875,0.40914682687363707,0.9925636381516802,4587,0.021490804632810175,0.026463993988030406
20,-0.6563910220404613,0.5264845769251653,0.23162373964352825,0.014872179002127395,0.005,511007828,1463729499,5.106884125030044,11.106884125030044,5554,11.108000000000379,1,95,0.19,0.017104789341015485,0.109458113542297,0.01069485300396694,0.6741413735831099,995,0.44278260185208834,1.0737855567513148,4559,0.021721845610719805,0.027334836703762265
21,-0.6980200961394174,0.390501710122516,0.16440820789849808,0.011345338080487828,0.005,294093398,1751679020,6.620848315152015,12.620848315152015,6311,12.622000000000885,1,0,0.0,0.0,0.11002179208690913,0.007362206784849815,0.7358679872746332,1025,0.5098656938539041,1.1153279411443706,5286,0.020712462603280954,0.024397531643856978
22,-0.6788508528710326,0.6816247763288588,0.45444680659380865,0.018226973994529858,0.005,646471554,1321243658,2.9936960926120113,8.993696092612012,4497,8.993999999999673,1,71,0.14200000000000002,0.01578830331331999,0.11523357667652669,0.0109759844136263,0.7021638859043533,940,0.39593543391447367,1.0838452989074034,3557,0.022009946625155243,0.038361253842496244
23,-0.844074508035627,0.5961251221614594,0.13046733307922082,0.011507440171406758,0.005,1940398011,1640307605,11.038775731872938,17.03877573187294,8520,17.040000000001434,1,143,0.28600000000000003,0.016784037558685447,0.11187611031803692,0.007162555053079091,0.7705043290224148,975,0.6533897513803764,1.24351297964701,7545,0.035961404091669286,0.0991674810465707
24,-0.7983744968683226,0.4824259723297403,0.18417395405597092,0.011582878284891487,0.005,1367489184,556597679,6.954297505112067,12.954297505112066,6478,12.956000000000996,1,0,0.0,0.0,0.12195876753311884,0.007539360153775201,0.832460453659373,1235,0.49888486352584305,1.1842620298227795,5243,0.02086014834439855,0.02519123611112678
25,-0.8075391195401088,0.23369934665921116,0.2123695794861709,0.018453571891347744,0.005,917291909,1752809987,4.902954880442862,10.902954880442863,5452,10.90400000000031,1,0,0.0,0.0,0.13973429217381012,0.012622595687898596,0.8297955377034918,1260,0.4768743058441848,1.1886282361072553,4192,0.020227937643199665,0.025781101909890806
26,-1.051854704985166,0.4844551561630332,0.18730616123967933,0.015322460511502288,0.005,1302376713,1782151745,8.202132011996753,14.202132011996753,7102,14.204000000001413,1,162,0.324,0.022810475922275416,0.1503722807261061,0.007915070512395756,1.0413069224522673,1490,0.5295369194560187,1.3844424795927417,5612,0.03202172462408503,0.10330342651401914
27,-1.0458303520037493,0.7770343931936645,0.21973868316423656,0.013706914737074489,0.005,1640176069,158779452,8.295602389839447,14.295602389839447,7148,14.296000000001444,1,191,0.382,0.02672076105204253,0.1414244335492373,0.011023620574570138,1.0241279929330949,1285,0.5851134377915963,1.3939393205193844,5863,0.031460055447040856,0.11109921631871195
28,-0.5689952040128743,0.5966171756681478,0.35325320190191434,0.018605004928009716,0.005,1296022970,1628563317,3.2996512796072843,9.299651279607284,4650,9.299999999999775,1,7,0.014,0.0015053763440860215,0.1040490064819449,0.006343175567767473,0.6455416587709937,860,0.3928344298390132,1.0125683479103214,3790,0.02213978279261525,0.03171932630196631
29,-0.6110625287000482,0.2128757493096056,0.46781349040173115,0.015508424929488441,0.005,1521656582,1098352546,1.7612537793685754,7.761253779368575,3881,7.761999999999367,1,0,0.0,0.0,0.1171403858528965,0.008437820258923326,0.7209309996159649,910,0.3679279769378159,1.028330455538101,2971,0.01814762754601432,0.01676212823326289
30,-1.0854117732673925,0.2857530538961609,0.46046206239454357,0.007081799242198694,0.005,1428439975,1218973410,2.9778019497047747,8.977801949704775,4489,8.977999999999668,1,72,0.14400000000000002,0.01603920695032301,0.18461465349518527,0.009456944131507673,1.043385049371981,1105,0.5771494807445732,1.4188882828974978,3384,0.035880798450206655,0.039925590637917646
31,-0.7849052770855518,0.6307408182282292,0.3207813847581327,0.005112392627399054,0.005,1289703232,1412954166,4.413117975599394,10.413117975599395,5207,10.414000000000147,1,0,0.0,0.0,0.1267739955655342,0.008742916037258606,0.7620173723271896,1065,0.4657021551679145,1.172288315046435,4142,0.022375613850769503,0.030460851134939806
32,-0.6568492984958675,0.38448710154285415,0.2137675960547862,0.011297664741136939,0.005,1077749137,313807652,4.871348227033619,10.871348227033618,5436,10.8720000000003,1,0,0.0,0.0,0.1125807896014713,0.011402497953772317,0.6852415543493249,1015,0.4440111488991232,1.0815702422641607,4421,0.020880963800283283,0.02618444871640065
33,-0.6538455823969419,0.5018956241050885,0.1966717123820575,0.006788097185633572,0.005,1392521267,1097942356,5.876499434025722,11.876499434025721,5939,11.878000000000636,1,0,0.0,0.0,0.10627780269629548,0.009607629222048346,0.6728976273373051,1020,0.44807491905310254,1.080403351316777,4919,0.021364284293023166,0.0257228806019335
34,-0.9038397732830895,0.7148345587480807,0.39767520252512056,0.006759886916282726,0.005,670639685,1958561709,4.070342635781825,10.070342635781824,5036,10.072000000000033,1,48,0.096,0.009531374106433678,0.13773425428588318,0.005803440272159442,0.8574133199266789,1095,0.4872243488708927,1.268059458558261,3941,0.023028923759817143,0.03304457235963026
35,-0.8749834027247508,0.3567681954434093,0.12785745749588995,0.014090582715881986,0.005,1061242260,1707558466,9.633787674901603,15.633787674901603,7817,15.63400000000189,1,79,0.158,0.01010617884098759,0.13447988046514534,0.016947840872577943,0.8739053291815697,1215,0.5771808171916274,1.2565128857250403,6602,0.0434083283253805,0.09044504676957899
36,-0.6175806061957827,0.20203688922619145,0.16784226701494315,0.01830453412377537,0.005,2010686488,789667846,4.8832603967926795,10.883260396792679,5442,10.884000000000304,1,0,0.0,0.0,0.11088864938794701,0.008792573181125118,0.6731283519881772,1020,0.4379139271956096,1.055085312088578,4422,0.019767568164412795,0.024037479392519677
37,-0.7443883314550572,0.2052723827716121,0.12354924771942728,0.008527929835687764,0.005,445494308,350170385,7.686495318719303,13.686495318719302,6844,13.68800000000124,1,0,0.0,0.0,0.11596505784208659,0.009677701219871843,0.8042384895246115,1195,0.5196617120820973,1.1518199128465987,5649,0.019050735174407144,0.022146587102333335
38,-0.9090679726130402,0.661704063130203,0.32392079837928894,0.014992726014603119,0.005,383908383,871632817,4.849247234516808,10.849247234516808,5425,10.850000000000293,1,3049,6.098,0.5620276497695853,0.17723268944249057,0.011656904214588162,0.8826648144704041,1345,0.4766615427869014,1.2603169378070258,4080,0.05847549205092325,0.06585192415499963
39,-0.8858701253666413,0.30278794600786724,0.4050030860167767,0.016686119768439155,0.005,360487159,1324481556,2.934935837316731,8.934935837316731,4468,8.935999999999654,1,52,0.10400000000000001,0.011638316920322292,0.14936150572524948,0.007416858536509938,0.8812752585305756,1090,0.4826948903485274,1.2510856853997074,3378,0.020496297415082722,0.034712156433582046
40,-0.5978013608866203,0.7243767923872222,0.3771453588312541,0.009667872957791951,0.005,1939604968,578708415,3.505752151825959,9.50575215182596,4753,9.505999999999844,1,53,0.106,0.011150852093414685,0.10507021606746209,0.008176074173042062,0.6459429777992791,870,0.39961894195515807,1.0286064866949025,3883,0.023019681517414188,0.033237656861792426
41,-0.5635865041928051,0.6881290994682762,0.20919014219547055,0.00941635012906658,0.005,1128968621,646325089,5.983626142820146,11.983626142820146,5992,11.984000000000671,1,52,0.10400000000000001,0.008678237650200267,0.09366809265571938,0.011249550566587078,0.5810073349959239,935,0.40920663445907884,1.016596622565114,5057,0.022128680493988123,0.026378632775003255
42,-0.5190535472822919,0.3197189522350797,0.49460821208320005,0.012377779598085722,0.005,753990419,86764720,1.6958321334468225,7.695832133446823,3848,7.6959999999993745,1,0,0.0,0.0,0.10546879408338565,0.003921968556813708,0.6620720141547658,880,0.3226451752340412,0.9648670269921596,2968,0.019082872475217907,0.018223650397277955
43,-0.8537228879395532,0.5285320964477475,0.49011898759644756,0.012127450817297068,0.005,1744711991,1124116155,2.82024369462996,8.82024369462996,4411,8.821999999999615,1,0,0.0,0.0,0.1514115211937891,0.007335073974094827,0.8312287988885242,1450,0.33461505903367356,1.176583834531889,2961,0.025018071422312643,0.09893141438597422
44,-1.0228167717149912,0.7234964037279443,0.3908516299143513,0.018457078310467837,0.005,1295225613,521776667,4.467969535717713,10.467969535717714,5234,10.468000000000165,1,3011,6.022,0.5752770347726405,0.17777935739285022,0.013583192776379557,0.9743648955520726,1085,0.570590391625163,1.3745219508476325,4149,0.058325002027896346,0.06693040763871722
45,-0.7544718001942562,0.38016330273613136,0.38270683419619866,0.010924429981514612,0.005,610013781,350766513,2.9647631072841127,8.964763107284114,4483,8.965999999999664,1,52,0.10400000000000001,0.01159937541824671,0.13056585073456664,0.006172683237723672,0.7824764325936919,1000,0.44306112628271366,1.1497417266040788,3483,0.021119796931718126,0.033080954004174955
46,-0.9613979653921444,0.24688765199207624,0.48005925641896174,0.019179028000689748,0.005,1675836067,1743304025,2.516950983088043,8.516950983088043,4259,8.517999999999514,1,51,0.10200000000000001,0.011974641934726462,0.16289965699448009,0.003341500021471156,0.9388185583568797,1150,0.479559535562141,1.3060314272751024,3109,0.02084019958150119,0.04875798186480502
47,-0.8405547567417356,0.6514524665408209,0.23007977981754435,0.012683294904706856,0.005,1936397850,951515520,6.484738574009996,12.484738574009995,6243,12.486000000000839,1,3460,6.92,0.5542207272144802,0.14558889586666537,0.008451296092544972,0.8536638757800145,1245,0.47594633510364154,1.2154407051453553,4998,0.052862432792709586,0.06464112206890874
48,-1.04066215031934,0.22819058662267866,0.4235410587305949,0.009772307599180578,0.005,1462813165,21276503,2.9958199111673562,8.995819911167356,4498,8.995999999999674,1,61,0.122,0.013561582925744775,0.17141010885809155,0.009236817685733858,1.01148781262247,1080,0.570533741548427,1.3822565491564223,3418,0.02511509889415521,0.03490957752608139
49,-0.9867733589074666,0.2869422395356248,0.4916498568702965,0.018364281401280904,0.005,160012486,703402722,2.590696571237107,8.590696571237107,4296,8.591999999999539,1,425,0.85,0.0989292364990689,0.21482819603981404,0.007089190359009123,0.9542212906177306,1885,0.4291986713113085,1.2317912850500552,2411,0.02120792128647148,0.05085995700727222
50,-0.6118490444871885,0.6049528146224417,0.22969763951332253,0.007865834085095216,0.005,241619762,258152030,5.297406894070652,11.297406894070651,5649,11.298000000000442,1,0,0.0,0.0,0.10109752512801308,0.01036105236720263,0.6291313273116962,925,0.4364862408801135,1.0485609269112208,4724,0.02196793781953886,0.02698443356403773
51,-0.5920189908984926,0.25137706789448605,0.24644550097569137,0.012186129130187677,0.005,1478503800,1493706390,3.4222416536472653,9.422241653647266,4712,9.423999999999817,1,0,0.0,0.0,0.11104740203668713,0.01172691553781224,0.6861595311656943,905,0.4235916827491646,1.0363737892249714,3807,0.020131471668337727,0.027067203404178723
52,-0.7540918327235737,0.366122569224099,0.19090249417666807,0.009180568608871448,0.005,539644134,498860283,5.867992488935141,11.86799248893514,5934,11.868000000000633,1,0,0.0,0.0,0.1237070719945177,0.010164018112751085,0.7798646371541544,1180,0.47610766709829416,1.1500130332664436,4754,0.020852125912801563,0.025223702644290826
53,-1.0972841235107167,0.21068310490542533,0.45274616895421516,0.0077644361353362695,0.005,1495790280,336327728,2.8889636580191866,8.888963658019186,4445,8.889999999999638,1,66,0.132,0.01484814398200225,0.17109733775821287,0.005642526985783787,1.058399564728449,1045,0.5899629882133524,1.432364637722749,3400,0.023148440617102015,0.05136230772927547
54,-0.9572019995151764,0.6434735816655175,0.13385348245243012,0.005410017262781233,0.005,1506053125,1195493181,11.958415663556265,17.958415663556266,8980,17.960000000000925,1,170,0.34,0.01893095768374165,0.12409345488115266,0.006679378071673491,0.8526695949515152,1430,0.5409286669590351,1.3151361666587382,7550,0.033467964202212964,0.0936379452052481
55,-0.8193059721724398,0.5019492075415646,0.23630355250978613,0.007232570165351405,0.005,1301363526,1886509185,5.591347085902514,11.591347085902514,5796,11.59200000000054,1,0,0.0,0.0,0.12821335335574427,0.01169712080802794,0.8307685379557758,1170,0.4955992733229416,1.2029750894135678,4626,0.021475402111891688,0.02709578832709658
56,-0.7049247292266896,0.593780454716512,0.4210351279649902,0.013634036490787219,0.005,451422062,435553307,3.084553040076008,9.084553040076008,4543,9.085999999999704,1,98,0.196,0.02157164869029276,0.11916758793504043,0.003503274936722146,0.725584570005003,950,0.41614328140808576,1.1062950035880903,3593,0.022002815419765162,0.035667927572301174
57,-1.0509787263877417,0.6886004986544045,0.13797932712559283,0.014175874354213327,0.005,984027868,1732443782,12.60753521039228,18.607535210392278,9304,18.608000000000565,1,172,0.34400000000000003,0.018486672398968184,0.13491223431857446,0.004827377947211125,0.9144562805628437,1625,0.5387394847574795,1.3751321447680325,7679,0.03532830328510756,0.10385589290142411
58,-0.509798127541342,0.49478705010915525,0.43411268869127073,0.010866469386928472,0.005,899218598,619526889,2.3141115286886516,8.314111528688652,4158,8.315999999999447,1,75,0.15,0.018037518037518036,0.09978548419961299,0.0008110482483755312,0.6383444073129512,770,0.3716876090810031,0.9697931773269081,3388,0.021249312499157503,0.03782399570507822
59,-0.7126825926142596,0.6451810190587464,0.42616708556240557,0.008490733024579027,0.005,2063182546,1775915903,3.1862235674091446,9.186223567409144,4594,9.187999999999738,1,94,0.188,0.02046147148454506,0.11974840287809568,0.004751391694955052,0.7269394753669833,965,0.41526909328867817,1.1075162411145898,3629,0.022366968624992774,0.03612231394543355
60,-0.6488077351172363,0.4029986446744539,0.4454708103129008,0.005608342104812117,0.005,1293260195,814733501,2.3611117843005163,8.361111784300515,4181,8.361999999999462,1,66,0.132,0.015785697201626404,0.11747131905027933,0.0023779148807923168,0.7205094470344827,905,0.39492749249452297,1.064622848503516,3276,0.02102278116375668,0.04039527582478284
61,-0.5707648440470269,0.2160516839753484,0.47950185985170835,0.014059724293739802,0.005,2032814474,1971040493,1.640904017068271,7.640904017068271,3821,7.64199999999938,1,0,0.0,0.0,0.1111730567991113,0.00885467565062316,0.6918023919913086,850,0.36304135631235823,1.0060697389958952,2971,0.01826240963944359,0.017375585027920866
62,-1.0160145270097316,0.7373461304574185,0.20377747346623154,0.012885436098969343,0.005,1530357308,265353679,8.604290884770949,14.604290884770949,7303,14.606000000001547,1,201,0.402,0.027522935779816515,0.1379117997490692,0.013455959220806491,0.9818460502140133,1310,0.5671690914071088,1.3646669570763745,5993,0.0313891501862903,0.10621063440091093
63,-0.7726236639857411,0.5433968788322334,0.30452308722528826,0.012775611312760182,0.005,417497246,713677295,4.3215788819465555,10.321578881946555,5161,10.322000000000116,1,0,0.0,0.0,0.12670086074057346,0.011518159850444677,0.7602967950732533,1055,0.4675663495403197,1.1739811533152775,4106,0.02199988626764873,0.029814135828832092
64,-0.6077293618250388,0.47492954766084566,0.2615348584483176,0.012632354760028948,0.005,9789357,849214332,4.1396352131004015,10.139635213100402,5070,10.140000000000056,1,0,0.0,0.0,0.10687306743931883,0.010227366401423644,0.6611746231821565,915,0.4245369600356344,1.0415672103137918,4155,0.02143330131587805,0.02781738243059956
65,-0.7673991868447554,0.5758818957407903,0.41810833792946156,0.009618755339088361,0.005,1859759630,2133682501,3.2127584186378235,9.212758418637824,4607,9.213999999999746,1,66,0.132,0.014326025613197308,0.1277862893624476,0.00338574532238387,0.7651366209391236,1005,0.43651259449980634,1.1549247864151562,3602,0.022265418893662244,0.03637974619059437
66,-0.9299453628188614,0.23496907003139172,0.47719731213518723,0.008436931625541749,0.005,70890582,1697105102,2.4411588314232575,8.441158831423257,4221,8.441999999999489,1,72,0.14400000000000002,0.017057569296375266,0.15582323886868457,0.002640801451500281,0.9164536130386463,1105,0.4710035093896555,1.2768574671698243,3116,0.020076701997717477,0.04016553482059916
67,-0.556680718154052,0.2899835571968161,0.43653653114541624,0.01558219423360823,0.005,1448655432,187386529,1.9395038328850254,7.939503832885025,3970,7.939999999999348,1,54,0.108,0.013602015113350126,0.10844510977400265,0.006059576013970696,0.6861500485167592,815,0.3781960793314803,0.9976616921762739,3155,0.01990751815814947,0.02996768213417628
68,-0.9236566424201732,0.21577100810599104,0.4076074734899858,0.01598237275702426,0.005,735614862,1753032310,2.7954042176171185,8.795404217617119,4398,8.795999999999607,1,54,0.108,0.01227830832196453,0.15692844926465513,0.009344592897686025,0.9199934524177886,1135,0.4856230918635535,1.2777094770967223,3263,0.019938420674396093,0.035727156605398845
69,-0.7605679774344236,0.32459336820658835,0.3390393758619353,0.007132235076594325,0.005,528285864,1122296313,3.200694146165828,9.200694146165828,4601,9.201999999999742,1,0,0.0,0.0,0.13256372287778745,0.008150385102096707,0.7894646223420109,1025,0.4546881370275058,1.1541528940909425,3576,0.020672582054240076,0.031125261892246743
70,-0.936108420922793,0.7426398979106072,0.271213787355021,0.01602131350574453,0.005,1072377260,541830038,6.189760244879827,12.189760244879828,6095,12.19000000000074,1,3085,6.17,0.5061525840853158,0.15983759706694856,0.015750286258312863,0.9343665140054999,1120,0.5616620003877352,1.3029131761689754,4975,0.05496632658246634,0.06702504806938858
71,-0.9777250083658954,0.577620579696686,0.42247889642195446,0.014761029772846632,0.005,1466772241,1410032852,3.6814752197922007,9.681475219792201,4841,9.681999999999903,0,583,1.166,0.12042966329270811,0.3005846151263658,0.07705030586596223,0.9280530971825802,4841,0.22019988806771437,0.892998053792947,0,nan,nan
72,-0.696559321637837,0.728175298120121,0.29890950801183075,0.012262606672825034,0.005,371266058,1624289486,4.766441285974642,10.766441285974642,5384,10.768000000000265,1,0,0.0,0.0,0.11283521825033975,0.009064931854268229,0.6903499713742112,990,0.4434388209949572,1.1165463732088163,4394,0.022805377705237787,0.029692447993925536
73,-0.7345667996084746,0.3423102344072495,0.21171823707981918,0.01378703026591106,0.005,1398205213,1587677545,5.086368793113152,11.086368793113152,5544,11.088000000000372,1,0,0.0,0.0,0.12393978998530923,0.012408855385370973,0.7522142258446828,1100,0.47560665491766235,1.1399744479199414,4444,0.020857119424096137,0.02596774953403498
74,-0.9964473900742784,0.6232944507106906,0.3510734327313282,0.012354407998807743,0.005,1327744105,2129661778,4.613683889958532,10.613683889958532,5307,10.614000000000214,1,3026,6.0520000000000005,0.5701903146787262,0.17277881628676928,0.016067704740213355,0.9644525436384498,1080,0.568007520209679,1.3510005206508335,4227,0.05540653081766507,0.0640309025933176
75,-0.6917461235745743,0.7112228234081384,0.42805850166753023,0.01841353830393601,0.005,33400882,355894471,3.277516838276437,9.277516838276437,4639,9.277999999999768,1,95,0.19,0.020478551411942228,0.11577198416055824,0.004189804730096955,0.7059446818510922,945,0.408748843522692,1.1033187708295016,3694,0.0226108846277065,0.03591674713927802
76,-0.5176475044527701,0.5989031017307425,0.17021808054378443,0.005889087828753853,0.005,570130881,1304337103,6.559530001845528,12.559530001845527,6280,12.560000000000864,1,0,0.0,0.0,0.08757965634450655,0.0058800546766369635,0.5462668017664228,920,0.4014106105872477,0.9813904311975992,5360,0.021439515838267843,0.024766285455488462
77,-0.9635867485464424,0.6767069307732991,0.2655132359907647,0.007728152668168094,0.005,164818213,196358977,6.177822635466638,12.177822635466638,6089,12.178000000000736,1,3110,6.22,0.5107571029725735,0.1568087062292116,0.013095369348825664,0.9666187225847366,890,0.7140619245277317,1.3428545118986472,5199,0.05286093708191281,0.06541554211044201
78,-0.577308980607237,0.6571513439669019,0.35087672150168925,0.019879691527224738,0.005,2056662065,2011434041,3.51821665253503,9.51821665253503,4760,9.519999999999849,1,20,0.04,0.004201680672268907,0.10379726033724884,0.006799300853661129,0.6385994025522471,865,0.39787050275273955,1.0211707482385262,3895,0.022455437715514694,0.031151226693578237
79,-1.028610908543559,0.3428202028383021,0.1904880879829873,0.00908645518812655,0.005,83179421,1021948514,7.199563636253965,13.199563636253965,6600,13.200000000001078,1,5,0.01,0.0007575757575757576,0.16280319992370715,0.010816401412159376,1.05950560504467,1315,0.5809998057008623,1.378870197228262,5285,0.04338810278558261,0.11091378799778252
80,-0.990918782671273,0.39103948738607464,0.3357210947331193,0.007939736087457194,0.005,722800147,324953537,4.116387953387118,10.116387953387118,5059,10.118000000000048,1,110,0.22,0.02174342755485274,0.17235491351903884,0.015599174744185412,0.9727847898379317,1090,0.5727380786999048,1.3508483545850356,3969,0.044906498750174294,0.05236123702737724
81,-0.8435287414802153,0.33985017900744907,0.40451538883074967,0.006399029608396517,0.005,1097934945,146671284,2.925423737050442,8.925423737050442,4463,8.92599999999965,1,57,0.114,0.01277167824333408,0.14273705922398347,0.0065429926505080616,0.8509030938878283,1055,0.4691066588901082,1.2187466634108313,3408,0.020804928256308187,0.03391109087760151
82,-0.5493671682706964,0.3119304454622986,0.48937397854443476,0.018012150999663315,0.005,2044796908,275777359,1.759998797432565,7.759998797432565,3880,7.759999999999367,1,0,0.0,0.0,0.10865884102146225,0.0036494235782877555,0.675202911031527,910,0.32730843346349675,0.9881253647283963,2970,0.01895591289015992,0.018385553943032214
83,-0.7490558840337502,0.3438043554102255,0.3068944147869701,0.018458984479110353,0.005,950271661,1053191206,3.561030070236311,9.561030070236312,4781,9.561999999999863,1,0,0.0,0.0,0.13043835834212578,0.009563714120069275,0.7740650276104529,1035,0.45897282647143334,1.1536677583389205,3746,0.020961178788893163,0.02963392570239013
84,-0.9381486390962979,0.28918803748794386,0.35292150492920626,0.019711221843579863,0.005,1664536766,80277820,3.4776477472814737,9.477647747281473,4739,9.477999999999835,1,423,0.846,0.08925933741295632,0.16838457088495365,0.015454554033409689,0.9203597053349606,1380,0.4660353787710816,1.2784892000037105,3359,0.03610946975580889,0.037499599591160365
85,-0.5026428222547077,0.4601047054177173,0.4298189801353788,0.015532720454091875,0.005,1576622678,876026473,2.239890679953666,8.239890679953666,4120,8.239999999999421,1,72,0.14400000000000002,0.017475728155339806,0.09927649032493263,0.008823349408490682,0.6331169150932411,765,0.36957402523765287,0.9679519977193167,3355,0.02099655380918347,0.037659306345718215
86,-0.510825458557559,0.6073492756952231,0.12244483501555835,0.014952883541033548,0.005,1845391893,847180694,9.132069426290641,15.132069426290641,7567,15.134000000001723,1,37,0.074,0.004889652438218581,0.07677098869473652,0.004527948748839182,0.5608283602114316,865,0.44300730704735347,0.9789046233366383,6702,0.02080686522054346,0.02298247513598345
87,-0.9412990095146423,0.35918789626828607,0.31066618471564805,0.018911883128071395,0.005,1336472191,920957001,4.186123143634898,10.186123143634898,5094,10.188000000000072,1,109,0.218,0.021397722811150374,0.1709804947667152,0.01540657479176716,0.9279225037140851,1190,0.5281068310244403,1.300962068778573,3904,0.042335482018147075,0.04787653569892216
88,-0.9467446628444083,0.31227287135580917,0.31470978297994656,0.00698893893474894,0.005,731102876,774371425,4.000566878724715,10.000566878724715,5001,10.00200000000001,1,0,0.0,0.0,0.17017668293082483,0.0130747777463017,0.9349259279527701,1190,0.5253646305350294,1.305476784809462,3811,0.038428433556415044,0.0416616862808175
89,-1.0961468912415808,0.6812853128829591,0.35324497103648844,0.00624995412776742,0.005,145019313,36142728,5.0317268464125995,11.0317268464126,5516,11.032000000000354,1,3023,6.046,0.5480420594633792,0.18134210642920467,0.016006976676400587,1.0732863179502088,1140,0.6060191616167517,1.4422191680762115,4376,0.05635422308427927,0.06568317964212228
90,-0.9413285278838259,0.6662058474745368,0.4914645603698199,0.01293287560330951,0.005,341608907,1894668149,3.270905991977767,9.270905991977767,4636,9.271999999999766,1,0,0.0,0.0,0.15616938012542306,0.007808754891022431,0.8779437703852477,1570,0.34275971045426995,1.2395658355828811,3066,0.022107865392500817,0.03419592824453273
91,-1.0327352734967665,0.3384694206098706,0.13381463858960563,0.010774422706583275,0.005,1466093248,1708185629,10.24704552924114,16.24704552924114,8124,16.248000000001873,1,20,0.04,0.002461841457410143,0.15789963899736886,0.017773555180752364,0.9750118930912198,1945,0.46957864539871935,1.3250069605010688,6179,0.04003815498025727,0.09138375367877734
92,-0.6226791121354112,0.6416057012564695,0.346365440484675,0.008372854353992477,0.005,1224564349,737009748,3.6501471152051015,9.650147115205101,4826,9.651999999999893,1,9,0.018000000000000002,0.0018648984666390386,0.1079917870845518,0.007541151125732625,0.6651589788350962,900,0.4099666994499103,1.0520467209949274,3926,0.022390592956084306,0.03168721912920327
93,-0.5754957893614697,0.24598863368230323,0.31455124020955105,0.005179054504269893,0.005,870316987,1318258171,2.6116076429916726,8.611607642991672,4306,8.611999999999545,1,0,0.0,0.0,0.11250077279770795,0.010785654001401104,0.6948491383226679,880,0.4012379795816442,1.0187631385782363,3426,0.019904006301250193,0.030228392542571064
94,-1.0893091276571367,0.27312213937597096,0.27521455649583726,0.01667413361899753,0.005,208161991,1026981207,4.950433161603917,10.950433161603918,5476,10.952000000000327,1,85,0.17,0.01552227903579255,0.17773948438504558,0.015470714199700045,1.0998681497145366,1145,0.6438967394037346,1.4369392890890418,4331,0.04087251118900747,0.11049440680766182
95,-1.0905898431861931,0.3217189188430676,0.1455486696095903,0.006942119787816723,0.005,1010099154,2120210865,9.703343670660407,15.703343670660407,7852,15.704000000001914,1,15,0.03,0.0019103413143148242,0.1700062625049398,0.018723308985792487,1.0297290769335044,1920,0.5035608439314108,1.3779221711525904,5932,0.0392881035221148,0.09619361325621237
96,-0.9452217603734482,0.5504743901350282,0.1386308325048511,0.01449496605682907,0.005,424211348,1119601739,10.789058418560227,16.789058418560227,8395,16.790000000001573,1,143,0.28600000000000003,0.01703394877903514,0.1294346121776882,0.004335898292085037,0.8706478516643064,1550,0.48606319791060865,1.2951066205764605,6845,0.03342171795243063,0.09444297449759756
97,-0.7874373784044233,0.34783381000595404,0.46719091827236514,0.01662925834158308,0.005,965011045,478153363,2.429994128756869,8.429994128756869,4215,8.429999999999485,1,67,0.134,0.01589561091340451,0.1351377206984073,0.010293112495038965,0.8072238004064194,1020,0.42610201446845264,1.1721600268512768,3195,0.020016442471017984,0.02866440959426245
98,-0.6626591462983258,0.6382153818370431,0.3750678031425153,0.019538372187504965,0.005,302628457,126725054,3.4683716310383295,9.46837163103833,4735,9.469999999999832,1,49,0.098,0.010348468848996832,0.11252583284053146,0.006088351262965009,0.6910572348798197,920,0.4149578969549661,1.073248786614911,3815,0.022668913233158765,0.032698048051647534
99,-0.6081403075308562,0.7708453245322247,0.48928474998946614,0.017099199503313397,0.005,1453699049,1277808711,2.818370349970583,8.818370349970582,4410,8.819999999999615,1,15,0.03,0.003401360544217687,0.10708498207126955,0.006428339152335925,0.6581314441791136,900,0.36661156798320665,1.0267566162164252,3510,0.022020117895176817,0.038450353477406524
100,-0.8405784327734445,0.34144730556310987,0.25004601314102987,0.018870658544813755,0.005,461821169,380907756,4.727232894010885,10.727232894010886,5364,10.728000000000252,1,0,0.0,0.0,0.14161086990958463,0.011694099516675174,0.8472673970685684,1255,0.47641833987123244,1.21933516410759,4109,0.020801764496543283,0.027506107737963838
101,-0.6382648779615786,0.5492712732024387,0.46048118607887645,0.009327389935562456,0.005,1933228714,408002213,2.5789026502390104,8.57890265023901,4290,8.579999999999535,1,77,0.154,0.017948717948717947,0.11278326680048409,0.001043083520969337,0.6940533994735479,895,0.38891882444142883,1.056081479811211,3395,0.020944295730568142,0.038653864724058545
102,-0.5895424010104375,0.795807825077196,0.303438369486994,0.005398052157598625,0.005,1344102647,1629927153,4.565507745212863,10.565507745212862,5283,10.566000000000198,1,0,0.0,0.0,0.10024393333436533,0.01047013818167824,0.6162827321729641,895,0.4069599732031658,1.0319820038779035,4388,0.023083986922484152,0.029692844982387875
103,-0.9792839952297874,0.2517239393575296,0.17410799786389963,0.0064155104948155385,0.005,1041848106,1721121136,7.0703698261443275,13.070369826144328,6536,13.072000000001035,1,62,0.124,0.009485924112607099,0.14823649639366995,0.007934375870659099,1.018060407619938,1325,0.5512001119702996,1.3325440434379363,5211,0.030734774469080843,0.07434553908999553
104,-0.87109080268231,0.5487918246734333,0.1138833200279851,0.010990190537475367,0.005,1037446829,535744305,12.467871739310276,18.467871739310276,9234,18.468000000000643,1,52,0.10400000000000001,0.005631362356508555,0.11675604617542376,0.006502968288900796,0.7828392026127211,1515,0.4881724138059677,1.2344467049507475,7719,0.031873576516287104,0.08625626074474317
105,-0.9029667915979565,0.65275808074946,0.10683085510766827,0.015275870836443203,0.005,1206539690,148846784,14.562505100043397,20.562505100043396,10282,20.56399999999948,1,85,0.17,0.00826687414899825,0.11295554193196948,0.006532507000610698,0.7755083270447592,1525,0.5010888046843396,1.2553117057785148,8757,0.034772257644932414,0.09216759770314599
106,-0.8960853832487242,0.7373601254157012,0.3969860195309951,0.017014703853790517,0.005,595477333,441783866,4.114617211442864,10.114617211442864,5058,10.116000000000048,1,56,0.112,0.011071569790431,0.13945605419308696,0.009606156357087042,0.8487348422554333,1120,0.4819154585322658,1.2557648990523005,3938,0.02324387491228687,0.03313793736644176
107,-0.5082813487771174,0.4108873416183356,0.2870450788618004,0.008627370852670197,0.005,794775030,800809293,3.2021754006031657,9.202175400603165,4602,9.203999999999743,1,0,0.0,0.0,0.10072246486363916,0.010432480753757224,0.6321540986013285,835,0.3867112034979668,0.9692754014125146,3767,0.021117700490459905,0.029140005146492457
108,-0.7254078614123431,0.5677769477943334,0.2875617521253282,0.007728103237576117,0.005,749499233,1930254812,4.497068193697286,10.497068193697286,5249,10.498000000000175,1,0,0.0,0.0,0.11959992281938225,0.010267330496181013,0.7250221903239386,1020,0.4563568539063084,1.1334487035972092,4229,0.02204179451957752,0.029129147343739243
109,-0.7238990966063575,0.32805552769568863,0.36733832518019816,0.011603558646501737,0.005,855917685,119332392,2.863721403929222,8.863721403929222,4432,8.86399999999963,1,28,0.056,0.00631768953068592,0.12711847026960998,0.007716193686504482,0.7708446124789805,970,0.4386429871187713,1.1265078389578298,3462,0.020563879263612608,0.03273018553443618
110,-0.706769543041081,0.2507051578241336,0.33339574790247367,0.01098908855109908,0.005,1403831546,707226127,2.8718863599463154,8.871886359946316,4436,8.871999999999632,1,0,0.0,0.0,0.12709846096785388,0.010535301511758311,0.7666199667447144,970,0.44063185471172767,1.1137396452074553,3466,0.02025606833980081,0.03183707836032872
111,-0.789591331635012,0.349457081420415,0.3349995712623735,0.015809774059087674,0.005,1216414919,1891458855,3.4001488681408434,9.400148868140842,4701,9.40199999999981,1,0,0.0,0.0,0.13547416594729494,0.009608783143053868,0.8011098162445404,1060,0.4612946163725043,1.1762078422711328,3641,0.020940699381380053,0.03088112106198516
112,-0.6095237674660462,0.4741291188953143,0.35756315945208994,0.01690252044691659,0.005,1504587869,1142108091,3.0306614585850804,9.03066145858508,4516,9.031999999999686,1,30,0.06,0.006643046944198406,0.11086915516251525,0.006102825946066752,0.6824575531184882,885,0.40547672249120587,1.0436815205746663,3631,0.021618707484512594,0.03255210854708682
113,-0.8060653123852348,0.5950939215934057,0.2523715426998674,0.015524181397919536,0.005,1546202538,1210779288,5.551970000218954,11.551970000218954,5776,11.552000000000527,1,54,0.108,0.009349030470914127,0.12741939489891424,0.011485559856902236,0.8077054004856216,1175,0.47684775893583176,1.1886975440614174,4601,0.022129473006622304,0.02772317060519427
114,-0.8854848120349236,0.5595112514220435,0.30370360294781507,0.007334507733473062,0.005,103273354,1368403668,4.7579154459529365,10.757915445952936,5379,10.758000000000262,1,3338,6.676,0.6205614426473323,0.1594741664946464,0.014608634488647177,0.8668350175571858,1245,0.4757366822466781,1.2455006052469457,4134,0.05355580182847953,0.06157464083239839
115,-1.0408556258063237,0.7040693542368766,0.4715893563038265,0.009169539055290936,0.005,671925102,1367256036,3.7000940685332466,9.700094068533247,4851,9.70199999999991,0,2982,5.964,0.6147186147186147,0.1946709720580275,0.023497791159283174,0.9743479343342927,1235,0.5123333420943572,1.3690104643814414,3616,0.06454618694536765,0.06726114025729882
116,-1.017245684079811,0.6386546614675477,0.4745446903388282,0.011087983819656387,0.005,905623911,172067155,3.4894507920108313,9.489450792010832,4745,9.489999999999839,1,2981,5.962,0.6282402528977872,0.2000272672961922,0.014919476136462023,0.953035287457159,1325,0.49340969545149466,1.3284032320076138,3420,0.06368060188888601,0.06682157074049584
117,-0.8621913130649744,0.25235711210587264,0.3857518904639342,0.005055767018575817,0.005,2011376982,1712288176,2.889288303501008,8.889288303501008,4445,8.889999999999638,1,26,0.052000000000000005,0.005849268841394826,0.14879066099274108,0.00685146450901461,0.8701175916253827,1090,0.47857130040026774,1.2308589679995736,3355,0.020150741773159394,0.03312951374844794
118,-0.946956315776389,0.7106070523741581,0.49069055776525616,0.010575680214069298,0.005,361145366,593164367,3.37802173267723,9.37802173267723,4690,9.379999999999802,1,22,0.044,0.004690831556503198,0.15010444474513934,0.00456908740888475,0.8811649072539249,1120,0.4891866139606545,1.2938152676471844,3570,0.022767927908113005,0.03843128297877127
119,-0.9478678781357217,0.5404014472583064,0.36949152291694987,0.01964671035051701,0.005,1127971943,348187222,4.02788489880604,10.02788489880604,5014,10.028000000000018,1,3107,6.214,0.6196649381731153,0.18003801121522225,0.011201986350128023,0.9106118452745471,1255,0.48845074317106324,1.2930264453462783,3759,0.05548367292501966,0.06241752082909176
120,-0.5411407143964374,0.36371935237019537,0.24838290157881893,0.01688372307136992,0.005,1594125029,1255128850,3.6430046553727653,9.643004655372765,4822,9.64399999999989,1,0,0.0,0.0,0.10310160119773364,0.01179287130889677,0.6400878834430854,870,0.40573776855025195,0.9928700076731509,3952,0.020802696695037173,0.027391916017521847
121,-0.8159923751623243,0.7705347352321761,0.2396282492167368,0.012393571327365044,0.005,1149165464,961793598,6.620784968301182,12.620784968301182,6311,12.622000000000885,1,0,0.0,0.0,0.12240735209990482,0.0118720891203507,0.8217518504608443,1245,0.4670663762262413,1.2016030002082616,5066,0.022793387261503636,0.02737485843242802
122,-0.7008433798532812,0.5169404417187484,0.3134062186343738,0.006936694265026742,0.005,1816574347,2124166930,3.885640262271635,9.885640262271636,4943,9.88599999999997,1,0,0.0,0.0,0.11872735243567074,0.009144832690030802,0.7229406683872812,980,0.4419119494594423,1.1138810926384086,3963,0.021806041238285494,0.029937259899181657
123,-0.5044590647351939,0.6440988039296247,0.39175526360162005,0.005613344236712274,0.005,82902668,179800675,2.9318249820193834,8.931824982019384,4466,8.931999999999652,1,57,0.114,0.012763098969995522,0.0965145755469867,0.004986250757230041,0.6156423788139672,775,0.37614462293589124,0.9653262743932338,3691,0.02234593352915232,0.03419193615502423
124,-0.8136754313479302,0.584357818129722,0.33585363160376935,0.012335494497918618,0.005,486800321,217646562,4.162626566822455,10.162626566822455,5082,10.164000000000064,1,71,0.14200000000000002,0.013970877607241243,0.1319795280520622,0.010011106725019198,0.7931203178069521,1085,0.46931183794424036,1.1919065233032968,3997,0.022278365831997403,0.0311946563549096
125,-1.080428563681125,0.29524720387852904,0.1559356707478275,0.006688950119450956,0.005,1711451939,798280701,8.82207233894763,14.82207233894763,7412,14.82400000000162,1,137,0.274,0.018483540205072854,0.16313183319594876,0.018219980341018703,1.0598721803559366,1555,0.5729636086511627,1.4067901296833125,5857,0.037926748067513984,0.09679723427190612
126,-0.8829714323468765,0.27008385146682196,0.11019096474820325,0.019811702935329224,0.005,884558558,1983116204,10.464154537974494,16.464154537974494,8233,16.466000000001753,1,289,0.578,0.03510263573424025,0.13266042723940605,0.016412326914513276,0.8598200251320831,1460,0.5175391373564473,1.2436431055734183,6773,0.03654435989591419,0.08503347537827835
127,-0.8422692408489911,0.570151374019428,0.298512381555873,0.018167073099716165,0.005,1630881734,230752028,4.731531092635949,10.731531092635949,5366,10.732000000000253,1,66,0.132,0.012299664554603056,0.13528371634835884,0.010642828391535396,0.8249846961860271,1185,0.47025232852455306,1.217799080553009,4181,0.022155911423444166,0.02960445922289576
128,-0.6942859842290714,0.3581615221330713,0.4385018990135131,0.005690411567326836,0.005,1577297597,1557464992,2.4000979442273978,8.400097944227397,4201,8.401999999999475,1,72,0.14400000000000002,0.01713877648179005,0.12330959392429458,0.0043819927716030466,0.7460473836486282,950,0.4047054684542654,1.0965247725032192,3251,0.02035802984431534,0.03588394253099664
129,-1.0776977460520276,0.7658766234602776,0.35419258756484606,0.015136003672063674,0.005,739729705,282490078,5.20500550897266,11.205005508972661,5603,11.206000000000412,1,3014,6.0280000000000005,0.5379261110119579,0.17576564173399903,0.016895626524003487,1.0456788002669772,1085,0.6082243150440607,1.4222676309461886,4518,0.057483157928870286,0.06767156924510387
130,-0.8385328160380073,0.6694481178798789,0.31601328337646173,0.009535013105404,0.005,1293025164,638404735,4.771890971815422,10.771890971815422,5386,10.772000000000267,1,0,0.0,0.0,0.13194277511103616,0.007882862503570771,0.8106365370035307,1135,0.476797981934921,1.2145894062547808,4251,0.02257928277048526,0.030306776700860346
131,-1.099449294888755,0.47445506402404136,0.32094839970681166,0.01334909112543671,0.005,984148784,1686554862,4.903917141666909,10.90391714166691,5452,10.90400000000031,1,220,0.44,0.04035216434336023,0.1706070490437508,0.010656950018794038,1.0963224645442127,1045,0.6604500839628488,1.4476758258736255,4407,0.04142731408114699,0.18313976031032947
132,-0.7180706116509542,0.49295004497036404,0.4796268994043934,0.017872017945916842,0.005,893896860,1453262810,2.524922305494497,8.524922305494497,4263,8.525999999999517,1,0,0.0,0.0,0.1365539972065955,0.01048716261435247,0.7556679031552407,1315,0.30492312232771457,1.0838339665954355,2948,0.02707173209920679,0.14675517501815308
133,-0.5134645427322402,0.7313578075332219,0.3728433862503996,0.018043120398124484,0.005,1236855239,1722692492,3.3387271872631428,9.338727187263142,4670,9.339999999999788,1,59,0.11800000000000001,0.012633832976445396,0.09623243223266217,0.008059696287651467,0.6031638157238497,800,0.37698512065443907,0.9748457030033258,3870,0.02289038976574205,0.03290715718065625
134,-0.5270761094094661,0.3627989485381432,0.43912372155847745,0.009462339937468096,0.005,1015823116,550123243,2.0264791316428714,8.026479131642871,4014,8.02799999999935,1,55,0.11,0.013702042850024913,0.10336731107702733,0.007749621929176271,0.6608081200037765,790,0.370903438248558,0.98442267896621,3224,0.019910169646206486,0.029868657535626408
135,-0.5959334920381506,0.6601981780069955,0.3309004214033351,0.01961318576577421,0.005,196798486,982583796,3.796101753868863,9.796101753868863,4899,9.797999999999941,1,14,0.028,0.0028577260665441926,0.10456651845135004,0.008374018987850196,0.6454942145559824,880,0.4077093302982119,1.0287675938358745,4019,0.02253382957255909,0.031571473685684824
136,-0.8346426693372058,0.2794699810987444,0.4129838965678927,0.005958720077639954,0.005,1164950522,1236840324,2.697714510649921,8.69771451064992,4349,8.697999999999574,1,59,0.11800000000000001,0.013566337088985974,0.14353557634526493,0.010054088304192865,0.8508765251381858,1050,0.46300514397173476,1.2124294039305508,3299,0.020342190878317026,0.03626052529144155
137,-1.0573856210840684,0.7415942194298646,0.2898914298951559,0.008777883752169856,0.005,1382888598,988059607,6.205702049089772,12.205702049089773,6103,12.206000000000746,1,148,0.296,0.02425036867114534,0.1488555064457204,0.010080557147461939,1.0453846270670337,1050,0.6465987537488098,1.4197450079661345,5053,0.03397686865332375,0.13630154330998248
138,-0.9467491243503341,0.6970438993748012,0.3738404819199389,0.019294830726460356,0.005,625076195,1149903543,4.3970439351112525,10.397043935111252,5199,10.398000000000142,1,3027,6.054,0.5822273514137334,0.18542229183601222,0.01246887917517037,0.9022572604868807,1370,0.47280701391305313,1.2818624939266492,3829,0.060851806284272204,0.06660735942499099
139,-1.0934477238575069,0.31663458072728445,0.2807315971066394,0.019001859406316716,0.005,1361907478,903701990,5.022884203694227,11.022884203694227,5512,11.02400000000035,1,158,0.316,0.028664731494920173,0.17797200460380197,0.015054441316547984,1.1054792321269373,1140,0.6428526319366341,1.4400281111144764,4372,0.043401227029065174,0.12557378759767404
140,-0.6737814809871712,0.6608202468451798,0.1632359542027928,0.0103783651765725,0.005,52115638,695683443,8.175905451407697,14.175905451407697,7088,14.176000000001403,1,0,0.0,0.0,0.0984242506445691,0.006272578909060375,0.7082210831891579,1065,0.46786145332147044,1.0956379560398946,6023,0.02165328566563713,0.024664121272660443
141,-0.5027551749181378,0.25127048736738095,0.47143049368288426,0.00972199734132421,0.005,1651579426,318040121,1.5994418528062528,7.599441852806253,3800,7.599999999999385,1,0,0.0,0.0,0.10386530524270636,0.00718573191033997,0.6573896847889918,840,0.33047302449109783,0.9584500895218395,2960,0.018621857664925013,0.01773947936042378
142,-1.049896010766769,0.5335715963182941,0.3688534082204403,0.007000869808633181,0.005,2032359130,1690018861,4.292945576196831,10.292945576196832,5147,10.294000000000107,1,3043,6.086,0.5912181853506897,0.1786212721599753,0.01719732487176222,1.018260154936313,1080,0.5878729265870258,1.4004012568938276,4067,0.05315144242251138,0.060469221370459875
143,-0.6653363272606339,0.7996498129784877,0.3880226511988799,0.011247689258624193,0.005,1174055079,441045681,3.7755170625032584,9.775517062503258,4888,9.775999999999934,1,68,0.136,0.013911620294599018,0.11025709700018603,0.00862663940437161,0.6749909934116437,915,0.41614220085022624,1.0820605910217096,3973,0.023494769694059087,0.032884692401023374
144,-0.9485019941546992,0.6429169020442148,0.36812572935562293,0.010713041499169348,0.005,258961276,457413596,4.3230308812822615,10.32303088128226,5162,10.324000000000117,0,2989,5.978,0.5790391321193336,0.1988293026496182,0.029340779909933907,0.9110413229069463,1565,0.4555372492627312,1.2590387827235112,3597,0.06340060637530927,0.06554693359053759
145,-0.6457996034420557,0.32279165014482986,0.10395719487997397,0.01946515395685476,0.005,738255975,661278999,9.317212288242228,15.317212288242228,7659,15.318000000001785,1,0,0.0,0.0,0.09303833468542547,0.013191416327401635,0.7045217805581434,1030,0.5059046130125588,1.0894826576750967,6629,0.01956577641744455,0.021772762863598583
146,-0.6231853351579733,0.39509379541042433,0.2632923747566978,0.01550542118436973,0.005,486996128,2057990707,3.867484318561694,9.867484318561694,4934,9.867999999999965,1,0,0.0,0.0,0.11069166005568941,0.00971642496300925,0.6807902957993962,925,0.4291277134583559,1.0579392856319336,4009,0.02103910659630626,0.02788422877046613
147,-0.8081635757586623,0.213887174599991,0.2994053735652713,0.016654963625602988,0.005,680708653,1067741616,3.4136018942754314,9.41360189427543,4707,9.413999999999813,1,0,0.0,0.0,0.14312899723609332,0.00984379900384936,0.8331684713138835,1105,0.47952602658671784,1.1951083279533445,3602,0.019875603125766854,0.02969778337875191
148,-0.5251726662580838,0.3117290910854775,0.26003520808340863,0.006821132302609912,0.005,1733727708,1168810781,3.2184170886394643,9.218417088639464,4610,9.219999999999748,1,0,0.0,0.0,0.10389036209134384,0.011243489784222821,0.6456648289974811,855,0.3984216638646694,0.9846460296294111,3755,0.020407785548404545,0.027792328335182175
149,-0.7515968091145966,0.46555532692919693,0.1673712081922043,0.010894026627306496,0.005,1840670450,1150685803,7.27217153529806,13.27217153529806,6637,13.274000000001102,1,0,0.0,0.0,0.1143628240522445,0.007191558698683623,0.7872791521092386,1120,0.5173471098094437,1.1543567038625806,5517,0.020821942048406556,0.024722047666021308
150,-0.7762871948502158,0.7636538889259357,0.2512053923671048,0.0069506045902595496,0.005,794643349,119517761,6.130207115640746,12.130207115640747,6066,12.13200000000072,1,33,0.066,0.005440158259149357,0.11842118702921234,0.011275333325691389,0.7725033248214064,1130,0.47172036113918087,1.1691871055635854,4936,0.02271845606243125,0.02779615336464333
151,-0.9009393117992691,0.4709485461730067,0.35308400720309097,0.017551272809840694,0.005,1467027635,1588099070,3.8854432089391615,9.885443208939162,4943,9.88599999999997,1,76,0.152,0.015375278171151122,0.13996729824845464,0.0050534987468805245,0.8725538585739271,1065,0.5178418863234077,1.2731739254751664,3878,0.021468025459787883,0.031495678658660126
152,-0.821067709423742,0.7168472829253862,0.3866275255557654,0.007063255231972114,0.005,2084641166,120420752,3.9777690171914735,9.977769017191473,4989,9.978000000000002,1,53,0.106,0.01062337141711766,0.13038413547766683,0.008323190477902732,0.7855172518783677,1050,0.4654202163938528,1.2005342539885,3939,0.023020273834589548,0.03342889701091341
153,-0.8976140140345676,0.6597055446868818,0.4307638807268047,0.01956792759609079,0.005,511161523,30861961,3.6152510189430647,9.615251018943065,4808,9.61599999999988,1,63,0.126,0.01310316139767055,0.14126076833548937,0.003720293028313847,0.8471068183504741,1100,0.4737797842621992,1.2599690452218166,3708,0.02265256263251093,0.0342615687117559
154,-0.7615570587005966,0.3602417280946096,0.40213677857733654,0.017165662506752288,0.005,2074523940,1296258605,2.789595099368581,8.789595099368581,4395,8.789999999999605,1,58,0.116,0.013196814562002276,0.13186395968452003,0.00606516936818673,0.7912918848540678,995,0.44236801314018737,1.1514777450556661,3400,0.020876748127567988,0.035092096868073144
155,-0.6369515158364025,0.5800038826953395,0.4740849227800925,0.013184327203318288,0.005,1558702261,1593334755,2.5669565515717423,8.566956551571742,4284,8.56799999999953,1,0,0.0,0.0,0.12399552810977016,0.006343412737385168,0.691916537227629,1270,0.28288757284108396,1.0216682114331332,3014,0.024001582186313045,0.0644112210478413
156,-0.5257213534083316,0.4561073411014597,0.18922724276279454,0.007909366388607265,0.005,1614210155,1135113521,5.188622315554007,11.188622315554007,5595,11.190000000000406,1,0,0.0,0.0,0.09448008826191119,0.007928698857022092,0.5862111785718032,880,0.4168767553591726,0.9897602684241638,4715,0.021174526470730717,0.02538315135085521
157,-0.9212600532634073,0.4565928927471234,0.42087314139085286,0.010010045702705722,0.005,1866431408,739751294,3.2737963307830995,9.2737963307831,4637,9.273999999999766,1,96,0.192,0.020703040759111495,0.14862564051856197,0.005198273075006466,0.8875173496260096,1120,0.48176400508368655,1.2753608838828145,3517,0.0216083540053721,0.03549039723985522
158,-0.8424590193001211,0.6600530589192413,0.13768278041868953,0.010028006365619449,0.005,194889101,1896207741,10.912853979635395,16.912853979635393,8457,16.914000000001504,1,114,0.228,0.013479957431713374,0.10889198524119181,0.0054711270592816726,0.7695222915359402,930,0.6515380109016152,1.24646062415066,7527,0.036141049695850386,0.10280190677251566
159,-0.5072371436290163,0.6485247294320109,0.2334639633182595,0.017517696685800527,0.005,825351960,1806458128,4.950493672059723,10.950493672059723,5476,10.952000000000327,1,0,0.0,0.0,0.09152703095110831,0.009785419109571139,0.5702940403083657,855,0.39519357865001736,0.97905124080277,4621,0.02205016259736035,0.02738379384668415
160,-0.953439443358701,0.604880726818221,0.13907423682242248,0.016220187480372947,0.005,914322565,753966788,11.204952159231834,17.204952159231834,8603,17.206000000001342,1,112,0.224,0.013018714401952807,0.1253538098120422,0.0044229877632256855,0.8669767418525725,1355,0.5560273507032887,1.3195244108025128,7248,0.03359662514525522,0.09594923783603207
161,-0.9594373518517194,0.3686628095027192,0.4431218932002333,0.015505026002715035,0.005,1707223707,1266439050,2.9971440854860005,8.997144085486001,4499,8.997999999999674,0,128,0.256,0.028450766837074905,0.28503664401639633,0.10077681646366411,0.9241651686818955,4499,0.20492737810743197,0.889406327592261,0,nan,nan
162,-0.7652382868514019,0.5131257681975103,0.46251098204335706,0.007505928184579569,0.005,940665352,823453848,2.7639647590661425,8.763964759066143,4382,8.763999999999596,1,71,0.14200000000000002,0.01620264719306253,0.12854040047588192,0.0026301926113507577,0.7735380787752903,1005,0.41910881424686663,1.1487202129883742,3377,0.021185958418514866,0.03766928311839624
163,-0.7373210526489018,0.386571011307134,0.26065002137226445,0.019869690757918942,0.005,500671160,1764911262,4.311881725691,10.311881725691,5156,10.312000000000113,1,0,0.0,0.0,0.12489886412240381,0.011213640805264546,0.7471997279751923,1040,0.46921896693154663,1.137684900185381,4116,0.021140857044167433,0.028022966957816635
164,-0.5370107428815278,0.687929056746057,0.40524598742607,0.009355093045557174,0.005,568270104,181767548,3.022706794477647,9.022706794477648,4512,9.023999999999683,1,106,0.212,0.02349290780141844,0.09920580862528545,0.0011963806388267748,0.6246702256880824,810,0.3766743372656895,0.9813949550906097,3702,0.022349536452939918,0.03508625822452142
165,-0.6217573549359394,0.6546438352568216,0.13270053527283682,0.017520074455040276,0.005,260534941,1308808402,9.618658941868144,15.618658941868144,7810,15.620000000001886,1,126,0.252,0.016133162612035852,0.08578996858256638,0.008277410167715367,0.647179965777008,945,0.49328305345894846,1.067014130422016,6865,0.021067028318456138,0.023462456344618434
166,-0.5082363234395625,0.32557163858680743,0.4365763483988029,0.006638224104247121,0.005,1426646004,2016008637,1.9098789136985146,7.909878913698515,3955,7.909999999999351,1,65,0.13,0.01643489254108723,0.10223265564135572,0.008528527286848175,0.6583620233881193,770,0.3698410694413622,0.9659702387247288,3185,0.019852407798766143,0.026258391689674435
167,-0.5952462929252179,0.3060880861981501,0.276474618198133,0.01203922742673863,0.005,1540372680,926514452,3.260098105922457,9.260098105922458,4631,9.261999999999762,1,0,0.0,0.0,0.11158811732333879,0.010914158013194683,0.6905260493850776,905,0.41631644060769846,1.0359745066989519,3726,0.020367424447852146,0.028367816289246582
168,-1.0647396322854323,0.7543260583374951,0.40309420920077554,0.008484772040263638,0.005,1406912001,768975303,4.512755701029871,10.512755701029871,5257,10.51400000000018,1,3064,6.128,0.5828419250523112,0.18075298826460515,0.017338837795322453,1.0198449156937879,1080,0.587425278059584,1.4069665102265738,4177,0.059278436295612164,0.06781410528690088
169,-0.6229066124837604,0.42306051714261145,0.3378670399397188,0.007057862709283991,0.005,1058353156,31802641,3.0957951086705298,9.09579510867053,4548,9.095999999999707,1,3,0.006,0.0006596306068601583,0.11279009369749902,0.00882798899158354,0.695932854963378,900,0.4124660724846732,1.056550461742086,3648,0.021260258987375043,0.03144215838131021
170,-1.083465923220938,0.7292033794205319,0.4144783245788529,0.017029611425703566,0.005,1025958174,659387604,4.373375385753415,10.373375385753416,5187,10.374000000000134,1,3050,6.1000000000000005,0.5880084827453248,0.18422293322192188,0.012662200670566278,1.0315599971204845,1090,0.5904149231358428,1.4188694726535307,4097,0.059456912673906764,0.06757359531433126
171,-0.5508139616340102,0.37248161719745054,0.23907069467612235,0.015093904824580156,0.005,1894024023,1284726718,3.8620190570922226,9.862019057092223,4932,9.863999999999963,1,0,0.0,0.0,0.10330996613720267,0.009808595907426393,0.6401216057962559,875,0.41538458824084173,1.005500871866611,4057,0.020747128995887765,0.027456007398944143
172,-0.8369467190838091,0.38175285609186654,0.3132470251610465,0.013149247785044501,0.005,1041007062,1811132259,3.8905383843601324,9.890538384360132,4946,9.891999999999973,1,0,0.0,0.0,0.14135989657640585,0.008553071565778345,0.8341980651731766,1125,0.4849188561124785,1.220989779757862,3821,0.021091949787560255,0.030065764277477206
173,-0.8486062644439758,0.2842978413173147,0.18717123323208484,0.0163717007935948,0.005,2058360241,802355858,6.052768292425229,12.05276829242523,6027,12.054000000000695,1,0,0.0,0.0,0.1294527020231061,0.009645509087613002,0.8876442545648308,885,0.6603120539387405,1.251534328366745,5142,0.030811868530004505,0.03519024699377526
174,-0.6394266705503494,0.6218710536550283,0.49759233679975634,0.00958293045993908,0.005,1779671005,1183186187,2.5348013442436828,8.534801344243682,4268,8.53599999999952,1,44,0.088,0.010309278350515464,0.11341293603714404,0.0104002688448343,0.6878556528770955,945,0.36710441356566526,1.0518674968870494,3323,0.021082751666105556,0.037229286215221286
175,-0.7142188234466624,0.3206155493277655,0.39442034421523997,0.01126876106466887,0.005,1671565397,208229813,2.62368406688907,8.62368406688907,4312,8.62399999999955,1,47,0.094,0.010899814471243042,0.12689291817381468,0.0053645772366783615,0.7625314511758576,965,0.42615321233357023,1.1164306725945887,3347,0.020448735009758415,0.03513049087476362
176,-0.7713961557433615,0.7260426384696397,0.3331616137957274,0.017441700824046,0.005,1292597928,21816364,4.4946318309381565,10.494631830938157,5248,10.496000000000175,1,0,0.0,0.0,0.12222937672683874,0.009075621353960409,0.7416076924454953,1025,0.464274034751687,1.1630658619767298,4223,0.02288306339386877,0.030818201330054418
177,-0.8831031236236477,0.2491832107796479,0.16746545999434714,0.01609330277346105,0.005,1331362532,263369477,6.761312657795323,12.761312657795322,6381,12.762000000000931,1,145,0.29,0.02272371101708196,0.14138823500266826,0.011053576493401546,0.9321653472362522,930,0.6884721662869275,1.2848154512736274,5451,0.03976321463316268,0.09941294238162862
178,-0.9844736477754913,0.4791086160778123,0.26532074286747404,0.015044813634017527,0.005,493472840,1572022570,5.516275312798869,11.516275312798868,5759,11.518000000000516,1,194,0.388,0.03368640388956416,0.14762569524359134,0.004095976690834348,0.9920469031188021,875,0.7301662541319929,1.361919932818079,4884,0.034417120373244604,0.13270026134524782
179,-0.7266879797526453,0.2241693071785831,0.35072744439759085,0.005924983339828438,0.005,1528003095,2058415042,2.711100320547826,8.711100320547827,4356,8.711999999999579,1,0,0.0,0.0,0.1315356520359319,0.009135280352529649,0.786553599211651,990,0.4419865835347709,1.1290044429758068,3366,0.019912592633488865,0.03219942828466153
180,-0.7574351560067588,0.23095550776478266,0.12343777434423862,0.017271269944558194,0.005,2076278001,1859341603,8.007197707689988,14.007197707689988,7004,14.008000000001347,1,283,0.5660000000000001,0.04040548258138207,0.11363826751369387,0.0028840496287745967,0.810448009822751,1270,0.4794561453720242,1.1510314814170712,5734,0.023835519548942672,0.03695625438389757
181,-0.689483188149788,0.6645374582305169,0.3204760332507678,0.0098936810670002,0.005,2053886801,1898830603,4.225029349763587,10.225029349763588,5113,10.226000000000084,1,0,0.0,0.0,0.11409960233798318,0.00838628740241513,0.6931606447237799,970,0.4357134456366894,1.0998639147585103,4143,0.02248016644397106,0.030381824844569482
182,-0.645262634807557,0.2608685734867471,0.3573447217625578,0.01659332233351205,0.005,2055240751,36345297,2.535734133205959,8.53573413320596,4268,8.53599999999952,1,9,0.018000000000000002,0.0021087160262417996,0.12024322064147223,0.007730221265128925,0.7350303618936082,915,0.4160328197553537,1.0664127159368646,3353,0.0201880179593479,0.03353894448292061
183,-0.8956073625551663,0.2638710056117319,0.48446611208509915,0.019621016254771695,0.005,1018543624,1542330206,2.393311604761386,8.393311604761386,4197,8.393999999999473,1,0,0.0,0.0,0.1534021429919804,0.006969600207364555,0.8905163957232519,1225,0.4104994969088266,1.239567117713632,2972,0.018403388369327124,0.017040426708088426
184,-0.6250675353296121,0.4524732087233775,0.1428356850341057,0.019354147184244087,0.005,190907154,131344387,7.543918340824276,13.543918340824277,6772,13.544000000001192,1,59,0.11800000000000001,0.008712344949793267,0.09496203519691362,0.008645778788054666,0.670122078239128,945,0.4887437231658265,1.066982145970586,5827,0.02087303632520922,0.023595470706162917
185,-0.9404923488150568,0.4269627925536535,0.38085261558062966,0.011718033790716348,0.005,197601680,210539065,3.590510043587212,9.590510043587212,4796,9.591999999999873,1,3014,6.0280000000000005,0.6284403669724771,0.20914293511533213,0.01360805303736798,0.9091645311721952,1710,0.44072341719479374,1.2317842459725619,3086,0.05614643176846403,0.07075460236899417
186,-0.5159873941930149,0.5371958484382751,0.3225809846615336,0.013655764683726108,0.005,1003619811,1979252647,3.2648646160477712,9.26486461604777,4633,9.265999999999764,1,0,0.0,0.0,0.09925620695987049,0.00831235590534762,0.6215225877885878,830,0.38110470107960237,0.9746582166009954,3803,0.021742343611074955,0.030080206905132415
187,-0.9948027059638977,0.598178277895612,0.12929999875871762,0.0063044279719466694,0.005,223347717,279336876,12.320038663203068,18.320038663203068,9161,18.322000000000724,1,126,0.252,0.013753956991594804,0.1333050599493048,0.005221708976530525,0.8783647860411216,1865,0.4685014163734274,1.29932061618071,7296,0.03214426104464154,0.09167902205586276
188,-0.6921093608061175,0.7307196368857565,0.34019150301881806,0.005599482009582165,0.005,1514579293,355178775,4.182435437293002,10.182435437293002,5092,10.18400000000007,1,0,0.0,0.0,0.1134904319922564,0.008627541478440673,0.690991811736347,960,0.4336479197566374,1.1040160198427778,4132,0.02293868126895665,0.030758845029551937
189,-0.7097014507924517,0.4927509733065672,0.44082151611500087,0.006907923287469813,0.005,650111072,1411348242,2.7277534787692277,8.727753478769227,4364,8.727999999999584,1,73,0.146,0.016727772685609533,0.12254874920399039,0.0014945119444070424,0.7441008025284402,960,0.41080536939230355,1.1041176411811728,3404,0.02125608171999824,0.0382669240739876
190,-0.6360766741072765,0.47261004946250745,0.39082723106316264,0.01802828383293847,0.005,1385932397,2135947031,2.83676938414408,8.83676938414408,4419,8.83799999999962,1,113,0.226,0.025571396243494002,0.11458718599164994,0.005969994793974781,0.699809152560555,910,0.4020301990360499,1.0525873881492125,3509,0.021599561782591026,0.035510193920082145
191,-1.0178422343874403,0.6126347247565587,0.46274187049514326,0.018781889729438655,0.005,859720017,976397502,3.5235129196313166,9.523512919631317,4762,9.52399999999985,0,3038,6.0760000000000005,0.637967240655187,0.1973128332246909,0.02961786009231421,0.9589616597784234,1285,0.49985325063538644,1.340016904077725,3477,0.06318473142471084,0.06548531034005683
192,-0.8874707737216707,0.5918199315918153,0.2338755746529595,0.013010880092128866,0.005,1196260995,1042147958,6.325118420376127,12.325118420376127,6163,12.326000000000786,1,3158,6.316,0.5124127859808535,0.14903828009524878,0.016787243344520156,0.9026754201921496,920,0.6606972816498536,1.2818761216435508,5243,0.05034066249870383,0.06261315350070276
193,-0.9744577844868072,0.5594428232522917,0.35280159803970124,0.01802584396261358,0.005,649779856,32026239,4.347771144637749,10.347771144637749,5174,10.348000000000125,1,3025,6.05,0.5846540394279087,0.17944882324717717,0.014866647317204468,0.9427153031165113,1200,0.5265204235582959,1.3219033798854678,3974,0.05472523100939449,0.06185828813099471
194,-0.6723154964694554,0.35449179346505094,0.4129246517324695,0.006042119155653656,0.005,41189584,21233956,2.486669869736347,8.486669869736346,4244,8.487999999999504,1,58,0.116,0.013666352497643733,0.12077930105251126,0.009058588338606864,0.735955246166196,920,0.41113674815636575,1.0879905051395802,3324,0.02080245771722621,0.03777119457882047
195,-0.5695120928824133,0.5870819263747974,0.4898607425346133,0.006545243636457407,0.005,1618843675,98415159,2.3610669703247065,8.361066970324707,4181,8.361999999999462,1,0,0.0,0.0,0.1152091204750959,0.005883597238211519,0.6524740176774998,1180,0.2696285419427429,0.9780979654709959,3001,0.02340035592824782,0.04615038833263853
196,-0.851946245823465,0.5062148651003167,0.481690677046153,0.016142008287981752,0.005,569097667,861594211,2.819571097477666,8.819571097477667,4410,8.819999999999615,1,0,0.0,0.0,0.1526676822894146,0.009285748754105828,0.8327850571615868,1465,0.33189426792589033,1.1818904627149092,2945,0.026272967168788363,0.13280827052295807
197,-0.8980821540293752,0.47633089166273185,0.14938131252430256,0.017517451472807595,0.005,1113582509,1498349750,9.200702701474166,15.200702701474166,7601,15.202000000001746,1,220,0.44,0.02894356005788712,0.13080954088333582,0.0061246241190572375,0.8920793802960696,1210,0.5799434462961354,1.2776698816441345,6391,0.03583958948601035,0.09832301083437389
198,-0.5642070693280916,0.7983103759482542,0.27421791763003756,0.0058096567117984855,0.005,1862318384,760053047,4.968739668990532,10.968739668990532,5485,10.970000000000333,1,0,0.0,0.0,0.09636554242325053,0.011067271164682594,0.5939836188506815,880,0.4090234334753574,1.0133099512454191,4605,0.022988967772554884,0.028941927552806748
199,-0.5654596619792114,0.6209807553942776,0.17823162750422208,0.015770814762021818,0.005,262122906,709831920,6.656733341816023,12.656733341816022,6329,12.658000000000897,1,0,0.0,0.0,0.09096091980052767,0.0066272711790658,0.5868377703695307,940,0.4187440857929311,1.0170410092610265,5389,0.021644149255207645,0.025254789845303244
200,-0.7070096613240808,0.27387847153265965,0.20772742105676803,0.006209994910375764,0.005,1054478401,859061210,4.721996392516143,10.721996392516143,5361,10.72200000000025,1,0,0.0,0.0,0.1222662796994173,0.01139458720887122,0.7334387538408151,1065,0.467696914658312,1.121458167948015,4296,0.020369715715397675,0.025949562804912975
