episode,success_delta_on_minus_off,zone_time_delta_on_minus_off,zone_ratio_delta_on_minus_off,target_err_mean_delta_on_minus_off,attach_err_mean_delta_on_minus_off,hf_target_err_diff_rms_delta_on_minus_off,hf_attach_err_diff_rms_delta_on_minus_off,hf_qdot_diff_rms_delta_on_minus_off,qdot_norm_mean_delta_on_minus_off,cond_log10_mean_delta_on_minus_off,manip_w_mean_delta_on_minus_off,manip_risk_mean_delta_on_minus_off,win_zone_time_on,win_attach_err_on,win_hf_qdot_on,win_cond_on,win_manip_w_on,win_manip_risk_on
1,0,-0.03199999999999999,-0.003706277507528376,-0.00014978059449252679,-0.0009905818067160038,1.1085744475914814e-06,5.196694819158327e-06,0.005706141104120627,-0.006615900234672845,-0.01069155575670555,0.13703178379439607,0.040697296366479487,1,1,0,1,1,0
2,0,-0.136,-0.01123781193191208,-0.0003656777026424807,-0.0004555650458832744,-1.5500389759094246e-06,-2.935482680936803e-06,-0.0020612725686592615,0.031184095566975323,-0.07525515158195306,0.17093442530760622,0.027332471591191766,1,1,1,1,1,0
3,0,-0.0020000000000000018,-0.00021353833013025916,0.001122233996078581,-5.981733715981416e-05,-2.7250914780914577e-06,-3.859000936204718e-06,0.0035001276359098443,-0.0014020653023905094,-0.0025519828260618382,0.13950951405284606,0.03350988482114849,1,1,0,1,1,0
4,0,-1.07,-0.06673319196706998,-0.015617048985066662,-0.003078204830904936,1.1261801341851856e-06,-4.532501499835654e-06,-0.004955539285150273,-0.11167980881268291,-0.44072368845412635,0.17009813008504132,0.01923750675836206,1,1,1,1,1,0
5,0,-0.0020000000000000018,-0.00021349274124679747,-0.0017006128263790943,-3.584422730219458e-05,6.622789982921925e-06,1.0593380556566659e-05,0.0031611548408574386,-0.014251249896525264,-0.01805701639431634,0.13208890385474542,0.03334158705095554,1,1,0,1,1,0
6,0,0.11200000000000004,0.007734806629834258,-0.0013610252340583717,0.0018550918635673666,-6.019483787594957e-06,-2.373293040546973e-06,-0.009742060189689955,-0.0037802282138099663,0.004714033377351434,0.15629236606485475,0.022194205549680032,0,0,1,0,1,0
7,0,0.0,0.0,0.0017756085963953339,1.6379083860207366e-05,-1.538906544735802e-06,-3.6235498396459433e-06,0.003659472368454847,0.0032056701990683667,0.01249047031228434,0.1249156392240125,0.02587709962882014,0,0,0,0,1,0
8,0,-0.134,-0.01602104256336681,0.010633674171761032,0.0016004691938474036,-8.701560834353621e-05,-0.0002796294558260185,0.021801400445159047,0.2565314957890086,0.038318788707943696,0.12519364000750427,0.04642005549712129,1,0,0,0,1,0
9,0,-0.122,-0.010276280323450133,-0.005204493922018355,-0.0004637926206435203,1.0352385293201137e-05,1.2880681304359444e-05,-0.013548779827142615,-0.034574069364548876,-0.09584245192794194,0.17057523526834717,0.027914519321549227,1,1,1,1,1,0
10,0,0.0,0.0,0.00614215882765165,0.00040593750106415055,-2.3654177793068043e-05,-1.5828436164312524e-05,0.025073056059819798,0.024949310981660755,-0.19729813154057885,0.12071127416579197,0.03042796522936663,0,0,0,1,1,0
11,0,0.023999999999999994,0.002757352941176471,0.001027793586197201,5.9800280941366135e-05,-4.679734017018554e-06,-5.4461286621372475e-06,0.0034639019936141546,0.0025084249582913998,-0.0033593311819219984,0.11720908188078422,0.035641941623620776,0,0,0,1,1,0
12,0,0.008000000000000007,0.0008972633467922847,0.000801200278387218,1.0923523476400604e-05,-2.3474807280634592e-06,-4.7523348339872625e-06,0.0037768748056880297,-0.00808550806960473,0.003917221895053391,0.12260319633989346,0.03465977165010927,0,0,0,0,1,0
13,0,0.0,0.0,0.0020384911038811154,3.3850239963561374e-05,-2.1019254156208825e-06,-5.362066307768758e-06,0.0028356495714964847,-0.013579707880338465,0.025581364620312907,0.12525265318445725,0.024052879458273283,0,0,0,0,1,0
14,0,-0.114,-0.014015244652077699,0.0031061979514730303,-0.0017709757307981695,-2.9366392907347245e-05,-0.00012876723483090666,0.010384019922029863,-0.006611009186893835,0.024352685276222807,0.11041164636566385,0.04775714644276995,1,1,0,0,1,0
15,0,0.0,0.0,-3.52815553283925e-05,-2.421388097428867e-05,4.548077669228956e-06,-4.196069173043743e-06,0.00343485297488888,-0.01514763169631439,0.013316126659740135,0.1256110147582937,0.02861555525829581,0,1,0,0,1,0
16,0,0.02,0.002184837229626393,0.0007360563330339326,5.285864875050755e-06,-1.0101214830956834e-06,-5.469841471031768e-06,0.004445648634577609,-0.007445893261652126,0.008605684982772033,0.11962390511007981,0.03354798207177782,0,0,0,0,1,0
17,0,0.0,0.0,0.0014322637949565065,-1.7320219293157774e-05,5.0401393459059e-07,-1.432740806882847e-06,0.0033190329723947753,0.0024219449476613475,0.009564524592034385,0.11870809786081743,0.02833678829382234,0,1,0,0,1,0
18,0,0.0,0.0,0.0013907293181291691,-3.2411280179962115e-05,-2.236879102754429e-07,-1.5330994901638969e-06,0.0035963310982794483,0.005941036938606148,0.001771459261146191,0.13965619558642073,0.02533592448906914,0,1,0,0,1,0
19,0,0.002,0.00018308311973636038,0.0016784418978856575,-8.593054655031684e-05,-2.8970479466294916e-06,-4.047346816657394e-06,0.0035181869279586886,0.004111119031682042,0.0011108759407090218,0.12769823040149403,0.02834011609473037,0,1,0,0,1,0
20,0,0.0,0.0,0.001808131798672813,0.0001929783309031624,6.521400239987638e-07,-1.1509501954156233e-06,0.004290077948397197,-0.0022534118164849737,0.012457069012073774,0.12939559760824626,0.027704219245447775,0,0,0,0,1,0
21,0,0.0,0.0,0.0017047802141831186,-9.301310076454891e-05,-3.902108843460792e-07,-2.17965041931855e-06,0.003666966995457127,-0.011798751845315092,0.03239035693795511,0.12694409607372853,0.02437938233161144,0,1,0,0,1,0
22,0,-0.03,-0.0033355570380253496,-0.0005635362757420714,-0.0008860030203377417,1.635373501631147e-06,6.628217080091809e-06,0.006375677904950056,-0.02656545855796999,-0.006216028456277556,0.13704831926301453,0.03803537513440091,1,1,0,1,1,0
23,0,0.06800000000000003,0.003990610328638499,0.00039726074658820443,0.0026720947637283443,4.445340593797634e-05,0.00011123439017924654,0.021660467343161738,0.005806748089111746,-0.07429389731422242,0.1591826156830708,0.018123002897265893,0,0,0,1,1,0
24,0,0.0,0.0,-0.0026479025554269897,-0.0004443476529153688,1.3644408217564725e-05,-2.2366359048477374e-06,-0.00039494499133196914,-0.04722830156049751,0.08167071768486522,0.13248215798135604,0.023776638625922067,0,1,1,0,1,0
25,0,0.0,0.0,0.0002718735327959798,-8.908616729122812e-05,6.508139073530157e-06,-9.302771845342834e-06,0.0026302099378650856,-0.008655573316879273,0.030536800098536876,0.11916410793764057,0.028264404825792455,0,1,0,0,1,0
26,0,0.0040000000000000036,0.00028161081385525213,-0.002166549097886966,0.00021053604454446956,7.14326430649372e-06,5.203732837492253e-06,-0.0034874164855737133,0.018203935865495957,0.015440109178001649,0.15592079396835892,0.023479491267500197,0,0,1,0,1,0
27,0,0.008000000000000007,0.0005595970900951312,-0.0017246592869089028,-0.0009398213072540698,1.7650564110804857e-06,-1.0899810436624472e-05,-0.015920730959217533,-0.036689945340391494,-0.03905790963163058,0.17183957951100437,0.02320738083014853,0,1,1,1,1,0
28,0,-0.018000000000000002,-0.001935483870967742,0.001449092875917088,-0.00010110916746280951,-5.011010274896029e-06,-8.025263954123036e-06,0.004961352695643656,0.00040959973027732133,0.0033658784842964806,0.13067916154332745,0.033318952617453476,1,1,0,0,1,0
29,0,0.0,0.0,0.0005101354939358038,-0.0009509060925505172,-3.6016856055364225e-06,-2.1479125718955593e-05,0.005035042481090407,-0.02722195564537544,-0.00596314841904011,0.10257058474904482,0.046512395592739175,0,1,0,1,1,0
30,0,-0.10199999999999998,-0.011361104923145467,-0.002330462017886753,-0.0005841563284290502,-5.595261529346717e-05,-0.00011824405148856427,-0.02239240356402808,0.05353662761407252,-0.06211624289157225,0.11489629230285404,0.03667133136695483,1,1,1,1,1,0
31,0,0.0,0.0,0.000217940388553578,-5.08156162546021e-05,2.1886220335929013e-06,-1.436105351242654e-06,0.004420132754304501,-0.001785678233398702,-0.0009589442681061655,0.13550965413607532,0.029457808002226703,0,1,0,1,1,0
32,0,0.0,0.0,0.002383331423669033,-0.0001650485844231775,-3.6623414544241766e-06,-8.847194415227818e-06,0.004660274442937262,0.0023624455486537244,0.017321802903401906,0.1215871724080874,0.028295890525328604,0,1,0,0,1,0
33,0,0.0,0.0,0.0018931587739613176,-3.801848633024421e-05,1.3614267869467827e-07,-1.162413724936336e-06,0.004923252170112441,0.006751763948410705,0.016404404229029,0.12968510539812114,0.02590794605556329,0,1,0,0,1,0
34,0,-0.018000000000000002,-0.0017871326449563144,-0.0031124582537094825,-2.039833228549559e-05,6.714013324468594e-06,1.493067382360143e-05,0.005813599959168386,-0.04068757504464893,-0.02163974731831253,0.1400348986722863,0.03059569686496661,1,1,0,1,1,0
35,0,0.025999999999999995,0.0016630420877574506,0.004407664024803221,0.0005939254687766099,7.770686779527496e-06,5.116274865585313e-06,0.01875471977006074,0.05030414160449426,0.1358244804364368,0.15230148443834346,0.01977978204232902,0,0,0,0,1,0
36,0,0.0,0.0,0.0021361589678632054,-8.132246658443254e-05,-1.6562046059348957e-07,-3.1190645759642e-06,0.0055583877687435945,0.0030375424809406804,0.025091197471570847,0.11884254258788957,0.02827694248931187,0,1,0,0,1,0
37,0,0.0,0.0,0.0002929758753748707,-7.175007234063585e-05,7.605323718286165e-06,3.3617752390886465e-06,0.0038447742255984796,-0.008003356707036113,0.013154168040526493,0.12905827564155722,0.02244005078206622,0,1,0,0,1,0
38,0,5.672,0.5227649769585254,0.04456968605142517,0.035940817514019466,-0.00012403091671094925,-0.00018917622390726447,0.0488196230499853,2.11193955504019,-0.4153453303055139,0.1413960628996863,0.028472157416650754,0,0,0,1,1,0
39,0,-0.001999999999999988,-0.000223813786929275,-0.0007351593370443221,2.605454351686798e-05,2.291964788167511e-06,6.977457063473791e-06,0.002198767034830601,0.0018412231031492698,-0.03504751162707098,0.11062165713896685,0.03447644074113102,1,0,0,1,1,0
40,0,0.0,0.0,0.0009282890112067704,1.2481830079319467e-05,-1.7371434994433669e-06,-3.819490157628311e-06,0.0046954020189876045,-0.0002788961269519774,0.004874624698716801,0.14010802414006643,0.032716800418315546,0,0,0,0,1,0
41,0,0.0020000000000000018,0.00016688918558077463,0.0021596963978252753,1.1423640090709591e-05,-5.16806572801239e-06,-6.590557866145534e-06,0.003317246319316708,0.008212386023488616,0.004936701085556994,0.13877817403854992,0.025720726008822893,0,0,0,0,1,0
42,0,-0.03,-0.0038981288981288983,0.001952407128034489,-0.001343974553974895,-2.856597991717424e-06,-2.799634101908376e-05,-0.0016027780373117362,-0.023231140801434735,0.004465365691138423,0.10422195839353582,0.05065474880222379,1,1,1,0,1,0
43,0,-0.24,-0.02720471548401723,0.010774103943666014,0.002870951325525152,-6.813535436999167e-05,-0.00025660081765355164,0.0282777157202507,0.296006570814636,0.03606928069650728,0.12055156660120513,0.04506670505589993,1,0,0,0,1,0
44,0,-0.07599999999999962,-0.007260221627818031,-0.0029042670427284756,-0.00037332419775930326,1.1173016173860817e-05,2.102033101457389e-05,-0.0028263705638725545,-0.029204697792652112,-0.0867402360306988,0.14530915446837164,0.03041179237323296,1,1,1,1,1,0
45,0,0.0020000000000000018,0.0002230649118893594,0.0008612131364765518,-2.933931546260371e-06,-1.8594654391993317e-06,-8.83782827985609e-06,0.002861685421614746,-0.0005954034188042634,-0.0006104651773477521,0.11544359871742453,0.034211843476294586,0,1,0,1,1,0
46,0,-0.05399999999999999,-0.006339516318384598,0.0029786192236673503,-0.00033604203741380637,-1.5702749772445335e-05,-1.2760683997093563e-05,0.05086649542646296,-0.01907135382376035,-0.06362779661490459,0.10377757774261923,0.04084802656860433,1,1,0,1,1,0
47,0,6.526,0.5226653852314592,0.021309479259386407,0.031005025148839207,1.4410651962774423e-07,-5.639568194992968e-05,0.015224915567159603,1.9257677335536387,-0.18994683566694537,0.14153927802154215,0.024687489558329542,0,0,0,1,1,0
48,0,-0.0020000000000000018,-0.0002223210315695865,-0.005304574966809,0.0002135821748492292,2.1069449264108633e-05,0.00012066976411655053,-0.007281989626212154,-0.05004833230865646,-0.08743883601880764,0.11614073694794204,0.03561744510621027,1,0,1,1,1,0
49,0,0.6659999999999999,0.07751396648044692,0.05853296930092819,0.000587145269942288,7.481262282658246e-05,-0.0002150604843864101,0.07916972153632412,0.48589165547581414,0.5688496807991923,0.113176710943886,0.040481767397547413,0,0,0,0,1,0
50,0,0.0,0.0,0.0014625294670311123,-1.6464473252750245e-06,-1.4854279675529606e-06,-2.809721031938792e-06,0.00426178687298967,0.00012225908550966835,0.012387239441825848,0.1340232013387199,0.02723573681738328,0,1,0,0,1,0
51,0,0.0,0.0,0.0012072519258352343,-7.339436375854158e-05,-1.7834103411432187e-06,-9.3836766453705e-06,0.003733280863513988,-0.00043362027071935927,0.006052667657995059,0.11173160476475316,0.03268753947526889,0,1,0,0,1,0
52,0,0.0,0.0,0.0010867982210690935,-9.867073812799831e-07,8.200669107246805e-06,-1.1170692219125678e-06,0.005546634312775495,-0.01599336797350326,0.030590332299534673,0.12449476348191722,0.025885196323485394,0,1,0,0,1,0
53,0,-0.006000000000000005,-0.000674915635545557,-0.00804052900383262,0.0006067883461136278,4.92384245226918e-05,0.00013310643201946927,-0.001555782555436508,-0.02780625293085559,-0.10319016834032002,0.11719967220685554,0.03733473950996278,1,0,1,1,1,0
54,0,0.09600000000000003,0.00534521158129176,-0.0020742310002866,0.0008362634952412754,4.005638517980202e-05,6.292401600969737e-05,0.005334118776717217,0.030769909316552102,-0.012207855239999343,0.15919039065237406,0.017679407243280182,0,0,0,1,1,0
55,0,0.0,0.0,-0.004063793574141744,-0.0001948986513576577,2.0935284490696655e-05,6.2263661840063125e-06,0.0016642478209183964,-0.053189557523643294,0.08740439224682284,0.1308236368416608,0.026588888563060957,0,1,0,0,1,0
56,0,0.0020000000000000018,0.00022011886418666152,0.0005775324727467779,-0.0001637004950135086,3.800462765428392e-07,-4.5109266075347293e-07,0.00433738317055779,-0.009691315068043771,7.745122815849825e-05,0.1306770108562462,0.03506929982116314,0,1,0,0,1,0
57,0,-0.09399999999999997,-0.00505159071367154,0.002815336819707137,0.0026882728041222118,2.7792350331763064e-05,4.0784707550149094e-05,0.005457420931684054,0.14638187056234941,-0.03226282673446823,0.15909224554248985,0.01806433124700932,1,0,0,1,1,0
58,0,0.0040000000000000036,0.0004810004810004813,-0.0003188852895084221,-0.000685239756997004,9.02297114752234e-06,2.2998495650890542e-05,0.008701896766475092,0.01367509207830886,-0.007543372007244642,0.12085176081993834,0.04163212781815855,0,1,0,1,1,0
59,0,0.008000000000000007,0.0008707009142359598,0.0007051114099115713,-0.00023225886599394577,1.644025370516316e-07,-2.6903432996411725e-07,0.002716529957276864,-0.006871736159847597,-0.0021617685083916705,0.13462779908745062,0.0354573111829762,0,1,0,1,1,0
60,0,-0.01200000000000001,-0.001435063381966039,-0.0002117114588879726,-0.000351468607488286,1.2937899492635407e-05,3.185369615266246e-05,0.011701558735772943,0.0278423418523297,0.004619677737948802,0.11390898073603713,0.04102145751043341,1,1,0,0,1,0
61,0,0.0,0.0,5.18100844752456e-05,-0.0010233431512481315,-5.209424369206927e-06,-1.624106970718174e-05,0.0034647039779232836,-0.026056640213284243,-0.014560786845581042,0.10198545038359277,0.047044208776964094,0,1,0,1,1,0
62,0,0.055999999999999994,0.0038340408051485697,-0.0013219382759021847,0.000427876219983761,1.1466787216630114e-05,6.609991752821011e-07,-0.0008548406891998039,0.027304222806720624,0.04245330832599947,0.1707870088062884,0.022238991448171718,0,0,1,0,1,0
63,0,0.0,0.0,0.00019799455242777708,3.2823846838957865e-05,2.953345722338219e-06,-2.6151282549305216e-06,0.005339204123342323,-0.009257130683321568,0.012728098078141237,0.12983674688881608,0.029687821676788795,0,0,0,0,1,0
64,0,0.0,0.0,0.0013972075249049226,-1.3691602620231197e-05,-2.7515009634795223e-06,-4.566943369221509e-06,0.0037489489119713337,-0.001964553600336316,0.001255709929421478,0.12406552781751815,0.030363196577750558,0,1,0,0,1,0
65,0,-0.0020000000000000018,-0.000217060994139354,2.914965849398765e-05,-2.7853474198324263e-05,2.0800317881224887e-06,7.873216587573869e-07,0.003131006289186028,-0.009689394034089638,-0.0038526965102234634,0.12959237088226738,0.03378312137778236,1,1,0,1,1,0
66,0,0.04600000000000001,0.005448945747453211,-0.0027072852712591577,-0.0008805740688625566,2.30499608675481e-06,6.123171413717715e-06,0.0007630940222470572,-0.045541113120877164,-0.02157878004726088,0.10550691262446164,0.03882994829684672,0,1,0,1,1,0
67,0,-0.024000000000000007,-0.003022670025188915,-0.0005645648355711713,-0.0013885809335638759,-8.139156120008412e-06,-1.7254721070337033e-05,5.680876740851715e-05,-0.06920386560870728,-0.00527076466324683,0.10498330097434286,0.0434333731111678,1,1,0,1,1,0
68,0,0.0020000000000000018,0.00022737608003637992,-0.000917529208668777,6.221693865262126e-05,2.9229305473540534e-06,6.7107205245783646e-06,0.0035680414614468747,0.004594734659522093,-0.04334289530655733,0.10825865402949808,0.035099935825233096,0,0,0,1,1,0
69,0,0.0,0.0,0.00018065672885084205,2.4689120889064e-06,2.140927164207473e-06,-1.5989933757617559e-06,0.003383687029295146,-0.007073455871369205,-0.007854296368284608,0.11318421088236895,0.03332360419737153,0,0,0,1,1,0
70,0,0.006000000000000227,0.0004922067268252617,-1.398512036548949e-05,-9.389071937412896e-06,1.1206070293553138e-05,2.721508902504355e-07,0.0014724010509865049,0.026149576656194995,-0.007929748976022388,0.1464774240628831,0.02539637646725757,0,1,0,1,1,0
71,0,-4.934000000000001,-0.5096054534187151,0.10439196307735235,nan,9.941147008199372e-05,nan,0.0017000861915487109,0.056616496150132534,0.43231059346468115,0.12169567411187839,0.0319907025052895,1,0,0,0,1,0
72,0,0.0,0.0,0.001243769393259181,1.7337105154429516e-05,-1.0395234836275274e-06,-4.842766490689731e-06,0.004549642515062902,0.003517048909928988,0.00956396978567886,0.14151246370720505,0.028575603429234344,0,0,0,0,1,0
73,0,0.0,0.0,0.0011664002046407607,9.986943668750803e-06,3.444427994541083e-07,-3.816515445365879e-06,0.0033614379697192998,-0.013439679840368646,0.025754876297345408,0.1214387980335479,0.02767095645918619,0,0,0,0,1,0
74,0,-0.02999999999999936,-0.0028264556246467842,-0.005856688801222892,-0.000662137117760607,1.366377410366216e-05,2.5720904569305437e-05,-0.009509992670837075,-0.04430367016524395,-0.05956008412091096,0.1385782025422314,0.02966929250723758,1,1,1,1,1,0
75,0,0.006000000000000005,0.000646691097219227,0.0003849510043145432,-0.00023569300052741007,1.9001944078921203e-07,1.2108223909823232e-06,0.003937868318011961,-0.00910535486130093,-0.005743003433483107,0.13946154343471237,0.035107634177921156,0,1,0,1,1,0
76,0,0.0,0.0,0.0021816261842090012,-2.7475525122833133e-05,-1.8113829993514179e-06,-1.8428934256091564e-06,0.004093728653371459,0.004750743722717554,0.010805510550331743,0.13341462085062483,0.024683929723599386,0,1,0,0,1,0
77,0,0.02400000000000002,0.0019707669568073127,0.0003665340417320917,0.00013448318004485177,-1.7535113391075122e-06,-1.136290770881003e-07,-0.003499394311123255,0.004109444336637402,-0.040905809920472436,0.14294014342450562,0.025636203915685867,0,0,1,1,1,0
78,0,-0.013999999999999999,-0.0014705882352941176,0.001483301689580524,-1.6299265199998247e-05,-2.9939065513147735e-06,-4.6162832891529166e-06,0.0030763457185653265,0.0026459240684100216,0.0008111132327019988,0.13558880990716915,0.0324802588278965,1,1,0,0,1,0
79,0,-0.046,-0.003484848484848485,-0.001962248866720362,0.005308092689054557,8.261229687511816e-06,2.796128181492823e-05,-0.00976187400242115,-1.3082018724018123,1.5132392223357818,0.14804958935589377,0.02499879578273388,1,0,1,0,1,0
80,0,0.0,0.0,0.00038777643824022823,8.558874341282885e-05,-8.006512081781998e-06,-7.451394649392925e-07,-0.00312643399432061,0.0029755396059036876,-0.054765216615904055,0.12187920095135817,0.031153444945706203,0,0,1,1,1,0
81,0,0.0,0.0,-0.0011216185370721832,3.02753779281191e-05,5.086026672941591e-06,5.986001007755003e-06,0.0037513718538264296,-0.024497382259461853,0.0011183956934668338,0.112370040541792,0.034487762230615365,0,0,0,0,1,0
82,0,0.0,0.0,0.0015567250466089616,-0.0012931024510675938,-2.1822937506577912e-06,-3.110742110048223e-05,0.0005193795303605198,-0.02032965304299994,-0.0042580444253310645,0.1042362558371744,0.049548291217267226,0,1,0,1,1,0
83,0,0.0,0.0,0.0004160796941129752,-8.94409871168532e-05,8.576006692009516e-07,-6.4994392756950086e-06,0.003358379118744481,-0.001032129362329659,-0.003396790529754501,0.11570021678740414,0.03207241732420328,0,1,0,1,1,0
84,0,0.43999999999999995,0.04642329605401983,0.006158778010235816,0.0010145357686051834,1.6195694238710454e-05,-0.00015135552028777162,0.010867880720271478,0.08155859249823161,0.10261519070305081,0.11871340010370321,0.032603937546930854,0,0,0,0,1,0
85,0,0.0,0.0,-5.768207480784382e-05,-0.0006258489028974322,1.8204861403533753e-06,7.493662877618699e-06,0.005439695712271514,-0.004747725746716336,-0.010700504004009126,0.1177965965306887,0.04187012343089924,0,1,0,1,1,0
86,0,0.001999999999999988,0.00013215276860050265,0.0016440084664119808,5.117205129619856e-05,-1.066996365295587e-06,-2.0006099692862836e-06,0.0024910161015562343,0.006324679219164464,0.005901658211329153,0.1355095989066333,0.02049403963284914,0,0,0,0,1,0
87,0,-0.006000000000000005,-0.0005889281507656073,-0.0018285352628119034,-0.0002894562351735269,-9.862441759307542e-06,1.7479693980579965e-05,-0.009136031198212796,-0.008463436579059902,-0.026308086278048926,0.12055131233997808,0.030356959012261917,1,1,1,1,1,0
88,0,0.0,0.0,-0.0007021299230264011,-5.8502229155682484e-05,4.7052177726476015e-06,-5.375621193127924e-07,-0.006158633691307869,0.025589456797497245,-0.05400972610427335,0.11916562462013609,0.030931759820558968,0,1,1,1,1,0
89,0,0.0,0.0,0.00026025620556136,0.0003997953424470582,1.335919823706685e-05,-1.7676355813967264e-05,-0.007238493916826877,0.028129106665113923,-0.05307555234487138,0.1436715999161633,0.030535960242336103,0,0,1,1,1,0
90,0,-0.146,-0.015746333045729078,0.00851049136992929,-0.00037712529985991713,-0.00012814323706071312,-0.00042464390834544936,0.01608311731970652,0.18361962366975293,0.019357487976551457,0.13130433079399992,0.043990818639430135,1,1,0,0,1,0
91,0,-0.10400000000000001,-0.006400787789266372,0.0014935075153111599,-0.0008563341991363882,9.78322964544239e-06,-7.14092862055061e-05,0.005299528731624814,0.08009024853556768,0.00900925722343171,0.14993951416507287,0.020476395560954354,1,1,0,0,1,0
92,0,-0.003999999999999997,-0.0004144218814753416,0.0011234694638529857,1.285070710143471e-05,-2.0683104606706616e-06,-3.8284882360800285e-06,0.0038023034711337222,-0.0062075521870677,0.002707414135697306,0.13480203783861508,0.031879513797424576,1,0,0,0,1,0
93,0,0.0,0.0,0.0018633408903482723,-7.854639420644405e-05,-3.8561878590967665e-06,-8.265585970026166e-06,0.003678773569406185,-0.0020985818728771477,0.001475577077598711,0.10739207646248852,0.03583603812542033,0,1,0,0,1,0
94,0,0.0,0.0,-0.00047758230190600437,1.688440496002558e-05,9.097590638711562e-06,2.0362059749320623e-06,-0.004297427157244543,0.01939083586717616,-0.007140070219362027,0.1491639426986974,0.030988375031932032,0,0,1,1,1,0
95,0,0.0,0.0,0.003201723871149059,0.00018168222392635908,2.6533671394209893e-05,1.1314066726286396e-05,0.003978590983756136,0.07961664556410719,-0.0478723616192509,0.14783094198307636,0.02193276393941022,0,0,0,1,1,0
96,0,-0.00599999999999995,-0.00035735556879094854,-0.004174765691249083,-0.00026817420854681473,1.710374297251866e-06,2.562096245364116e-06,-0.004896880193573511,-0.027377196225493394,-0.036075888485259,0.1566383530102185,0.018684587136081524,1,1,1,1,1,0
97,0,0.006000000000000005,0.0007117437722419951,-0.0015611747595498104,-0.0008753310484800325,2.703736741515835e-06,1.3544967191451377e-05,-0.0007382047498621092,-0.058955918261627493,-0.011206865685343903,0.11044892872426065,0.04121587857935797,0,1,1,1,1,0
98,0,0.024000000000000007,0.0025343189017951427,0.0010893938137328252,9.295486690277452e-05,-1.9308694845275934e-06,-5.026986044650542e-06,0.0032079307142608704,-0.0037423583918223535,0.0016129144281271657,0.13461011841212214,0.032462418795221284,0,0,0,0,1,0
99,0,0.005999999999999998,0.0006802721088435375,0.000156611674396942,-0.0008160777819187122,2.504762638207321e-08,2.418705129981981e-06,0.004308556951801323,-0.014509453143826123,-0.010163405453433416,0.14281430772701392,0.04066522407711459,0,1,0,1,1,0
100,0,0.0,0.0,-0.0005891504877730824,1.231747475659642e-05,3.025504676645776e-06,-5.380448038704261e-06,0.0038574980292981342,0.004124920263630316,-0.0029661943253449508,0.12028700959734091,0.02873676246034133,0,0,0,1,1,0
101,0,0.0040000000000000036,0.0004662004662004636,-0.0011812083522839967,-0.0011238513508670736,1.3949656256228692e-05,3.472652928724143e-05,0.007548867382123431,-0.01706813111910077,-0.004293830038149871,0.1260662825186531,0.04034220905360223,0,1,0,1,1,0
102,0,0.0,0.0,0.001080923308342363,-7.685426461522676e-06,-1.2443321442464229e-06,-3.74859549490483e-06,0.0038197970509326884,0.0012518753321739684,0.0026342027691996783,0.14438254332889403,0.029188356986445237,0,1,0,0,1,0
103,0,0.05199999999999999,0.003977968176254589,-0.000447448019932295,0.0027291710510000226,4.125250076245199e-05,6.37407565187931e-05,0.008305163078966143,0.06647312098271452,0.03240352309314343,0.12616637640450284,0.02438945766463477,0,0,0,0,1,0
104,0,0.016000000000000014,0.0008663634394628543,0.003371073310744155,0.00037072899527450937,-6.332983860977883e-06,-9.369420931467645e-06,0.010729698174373664,-0.0012209232222728517,-0.06839424416178419,0.15829746124592015,0.016738882325823195,0,0,0,1,1,0
105,0,0.008000000000000007,0.0003890293717175655,0.0005149841694435942,0.0018441403513837148,3.4701248002098396e-05,6.590081196299784e-05,0.003578106125011915,0.05056016663918861,-0.006943332445939809,0.16143772204459056,0.015067643676123711,0,0,0,1,1,0
106,0,-0.006000000000000005,-0.0005931198102016606,-0.00038912484737507747,-5.528746806303039e-05,1.3118728418319483e-06,2.2095356755578175e-06,0.002152838095448001,0.015000734748047195,-0.043136659234210395,0.14163083495255216,0.030479659320752663,1,1,0,1,1,0
107,0,0.0,0.0,0.0015563504378339477,2.4455369460260612e-05,-2.9122759150841714e-06,-3.7013083446408874e-06,0.0042090884963670305,0.00289966312464629,-0.001276559754483042,0.11665515940017915,0.03367719403777263,0,0,0,1,1,0
108,0,0.0,0.0,3.468611545329181e-05,-8.373327763940008e-06,2.2793382646358077e-06,1.1798753919603326e-07,0.00356123571346903,-0.00735546172389312,-0.0023041900943487903,0.13147420496204826,0.02925697121991637,0,1,0,1,1,0
109,0,0.028,0.00315884476534296,0.00025857250688013367,1.2025912087820778e-05,-6.627791384462671e-07,-6.775611344648721e-06,0.003588553694243213,-0.008212792745503128,-0.0005437867381195005,0.11185372754214848,0.03467662979967337,0,0,0,1,1,0
110,0,0.0,0.0,0.0011348013070495155,4.560157200965073e-05,-7.965019511349102e-07,-6.693270240036402e-06,0.0035834923515398187,-0.002855722380857406,-0.0028570736510116213,0.10945390897629041,0.03462898004375351,0,0,0,1,1,0
111,0,0.0,0.0,-0.000922407179325152,-3.6519859054617854e-05,5.138141349415263e-06,-9.414601121243617e-07,0.004206650408143858,-0.016615890669071653,0.007746276411968456,0.11503874175890477,0.03261956353512168,0,1,0,0,1,0
112,0,-0.016,-0.0017714791851195745,0.0007251755052256753,2.3638116265777692e-05,-2.1592493803070448e-07,-4.217210808975464e-06,0.003955135605878457,-0.0032286410856177117,0.007161616623289735,0.12131123524167123,0.03406377848294553,1,0,0,0,1,0
113,0,0.0,0.0,0.00017026054068500218,-5.923464597080291e-05,5.384520317138538e-06,1.2927191474912999e-06,0.004195712292413667,-0.02917130451024863,0.04289447084009845,0.13500834555802615,0.02664223794437422,0,1,0,0,1,0
114,0,6.57,0.6107083100948132,0.02166607851275032,0.031582844086024846,-1.0701072349391023e-05,-0.00014511437202429365,0.022506935037926584,1.984267759821366,-0.06237238661712974,0.13417734699417458,0.028672424229680662,0,0,0,1,1,0
115,0,0.0,0.0,-0.0009481204831653933,-0.0004969989149599952,-7.037215885563001e-06,2.627656952636562e-05,0.005704312289678104,-0.008861960589492845,-0.018444676371903057,0.1425897598915367,0.03286293237172796,0,1,0,1,1,0
116,1,5.962,0.6282402528977872,-0.09498758269881108,nan,-5.929828951728878e-06,nan,0.004075058147900962,0.015017740404514868,-0.20539855986185707,0.13785998111725412,0.033067278710239414,0,0,0,1,1,0
117,0,-0.025999999999999995,-0.0029246344206974124,-2.878700339536966e-05,-1.3289445508341685e-05,1.4694384695462977e-06,-2.740472317648091e-06,0.0033797430746077828,-0.005346719120385313,-0.0031367321370399104,0.10911483860097021,0.03463854524038141,1,1,0,1,1,0
118,0,-0.136,-0.014498933901918979,0.0056461618814724335,-0.0003475697135157038,-3.223104191734066e-05,-3.832278939259852e-05,0.03636712621581614,0.0029557806668809583,-0.05299875882282912,0.1368352694393215,0.03834871927860003,1,1,0,1,1,0
119,0,0.13600000000000012,0.013562026326286447,-0.005173007775640531,-0.0006277219186424585,-2.38924946026483e-06,2.778837138615051e-05,-0.005346257250855607,-0.02324402056193664,-0.032944465967304826,0.13077388910475507,0.030840411784235803,0,1,1,1,1,0
120,0,0.0,0.0,0.0017679051783384414,2.4226212938082553e-05,-3.537767969734101e-06,-6.443613472146854e-06,0.004568766131827884,0.0029631013228630376,0.008587692658175605,0.11547063818104188,0.032153743374093956,0,0,0,0,1,0
121,0,0.0,0.0,-0.0003864448351149907,-3.861908227604377e-05,7.216969182825242e-06,-6.976130025886768e-06,0.004468357059448064,-0.007972967839479317,0.047962179942230065,0.14522758985624176,0.0243953186612505,0,1,0,0,1,0
122,0,0.0,0.0,0.0010686431796086693,3.9034618239282975e-05,-5.609836786790202e-07,-3.430575506518864e-06,0.005156830018200165,-0.006435473526934521,0.012750687074087441,0.12683179429747668,0.0310878689052306,0,0,0,0,1,0
123,0,0.0040000000000000036,0.0004478280340349302,0.00040981246086406464,-0.00017799333197962217,-1.4890187650033575e-06,4.821228391662475e-07,0.004047639708009115,-0.004130126908643117,-0.005419028923852043,0.1336853442976953,0.03661872239807828,0,1,0,1,1,0
124,0,0.0,0.0,4.3782665365560414e-05,5.385870326776385e-05,8.502371406152436e-07,-4.473685543005023e-06,0.003393509154011126,-0.0006513736675748394,-0.008231001262048565,0.1321288513784754,0.030234246605948527,0,0,0,1,1,0
125,0,0.0,0.0,-0.005743435489520027,-0.00046440026701790454,-8.119148871607433e-06,-3.357357046781986e-05,0.0009362918856571367,-0.026546889389669426,-0.004300551684927267,0.14714202412117844,0.023036634257305448,0,1,0,1,1,0
126,0,0.04999999999999993,0.0030365601846228593,0.0009310032410318192,-7.564616022950194e-05,-2.4618265392129836e-05,-4.5420835387322694e-05,-0.000751207430613049,0.004051463616934647,-0.02659760697748359,0.15378958653335767,0.018784655070457023,0,1,1,1,1,0
127,0,0.0,0.0,0.0001603273283144191,7.262334231761258e-06,2.545913636688938e-06,-6.7938445539958035e-06,0.0031391394610826573,-0.007645408540572385,0.01915796948138926,0.13214774247355648,0.028711991416544444,0,0,0,0,1,0
128,0,-0.003999999999999976,-0.0004760771244941668,0.00037200051600587425,-0.00048208624945023787,2.7237893334078203e-06,8.507407377235452e-06,0.006616209645909726,0.010513305104796089,-0.003090610855586373,0.11131704893934317,0.03987079241557069,1,1,0,1,1,0
129,0,0.004000000000000448,0.0003569516330537148,-0.0038793384402669717,-0.00012400561417676842,6.787436373958738e-06,4.663609324155821e-06,-0.0051886135557118185,0.012086823629949617,-0.053073768408339994,0.1484564425700447,0.02961908975891811,0,1,1,1,1,0
130,0,0.0,0.0,-0.000244731113127894,-1.5286761841457747e-05,3.0065334361398287e-06,-1.4404346615154526e-06,0.002780166822149377,-0.0041364517731004025,-0.006017193886983296,0.1384432266458312,0.028572369574084894,0,1,0,1,1,0
131,0,-0.043999999999999984,-0.004035216434336027,-0.0007091142129410644,0.0006190407404762302,7.908082677650797e-06,-9.903453057700639e-08,0.001576746180664751,0.0042958185720634035,0.014094624332682049,0.15597475166701896,0.03103467693051149,1,0,0,0,1,0
132,0,-0.23,-0.026976307764485105,0.01212065118073856,0.004912183861866315,-5.4490873261413405e-05,-0.00022621378110998584,0.024234590639222647,0.29661792907640483,0.05088237570100862,0.11676726295670871,0.04564220893518866,1,0,0,0,1,0
133,0,0.013999999999999999,0.001498929336188436,0.0008244252910251382,8.092193847231144e-05,-2.652182359839158e-06,-1.1475557804938464e-06,0.004721704141124439,-0.001199504731452361,-1.6505790118248598e-05,0.14014291473367163,0.03390673139664686,0,0,0,1,1,0
134,0,-0.030000000000000013,-0.003736920777279523,-0.0005331608935537496,-0.0010139925700278218,7.658259654596991e-06,2.353592452329959e-05,0.010019976509295675,-0.010862238119935919,-0.008143534348284742,0.1095553779747512,0.04358708569341922,1,1,0,1,1,0
135,0,-0.012,-0.0012247397428046545,0.0008727026047183478,-4.2930698529373285e-05,-9.164060069304439e-07,-3.949602511292105e-06,0.0030986317499092086,0.002726553665759246,0.0027135011885492943,0.13612212280680364,0.031433593441754434,1,1,0,0,1,0
136,0,-0.001999999999999988,-0.00022993791676247273,-2.7868870001307444e-05,-4.3357642054566575e-05,2.345181685923961e-06,-4.004043079583843e-06,0.005236904794519465,-0.007136080389271271,0.0010387982913164784,0.10877858126638658,0.035343483217499784,1,1,0,0,1,0
137,0,0.006000000000000005,0.0004915615271178127,-0.00336542695910777,-0.00032095602659702044,3.734431709763019e-06,-3.3040961293785264e-07,-0.005584346741552226,-0.029612090993446083,-0.03615978306652634,0.17158032986737976,0.027125783519737937,0,1,1,1,1,0
138,0,5.838,0.5614541257934218,0.04669895485578193,0.03809308860129118,-0.00013213172781731852,-0.000272320641309771,0.04834667439705331,2.2288856634110754,-0.3908699563314775,0.1429653411069632,0.02975260046717464,0,0,0,1,1,0
139,0,0.01200000000000001,0.0010885341074020304,-0.003919373637047308,-5.536271444928076e-05,1.4488533551822082e-05,7.135791039519172e-06,-0.0032920006719591166,0.011063998557596433,-0.0864792888882655,0.14778938566795274,0.03072772589093668,0,1,1,1,1,0
140,0,0.0,0.0,0.0016359133627181638,3.212679299645013e-05,8.034281662688911e-07,6.284835714099333e-08,0.0035057295533937466,-0.0030004955392077814,0.01460083566178394,0.1404836382280113,0.021705615974374128,0,0,0,0,1,0
141,0,0.0,0.0,0.001166470687567256,-0.0012221844118161795,-4.463337706238856e-06,-2.3920926759267907e-05,0.002492441235602938,-0.0354570414208597,0.002251394544894314,0.10093674068486988,0.05130547622019863,0,1,0,0,1,0
142,0,0.0019999999999997797,0.00019428793471920613,-0.003122099635537029,-9.523865750127314e-05,3.6115175935285196e-07,8.19962904935489e-06,-0.007214768125601956,-0.006818886681477121,-0.055545887542145955,0.13142013853575316,0.031603891184375885,0,1,1,1,1,0
143,0,-0.008000000000000007,-0.0008183306055646478,0.00037420265653063944,-1.4922976375762037e-05,-6.99094512664894e-07,-2.250858751828627e-06,0.004417006311072863,-0.008229346471840149,0.0011876339424117255,0.1449452723175759,0.03137200798026128,1,1,0,0,1,0
144,-1,5.656,0.5478496706702828,0.059876542513685044,0.040739051790257,-5.678958949471456e-05,-0.0002018469880066202,0.06758258180518434,2.262566998276294,-0.30003253575167754,0.14084967033707427,0.02993950976444134,0,0,0,1,1,0
145,0,0.0,0.0,0.002091165103435641,-0.0006618670550992689,-2.267789782153828e-05,-3.763015062602102e-05,-0.005246999711418454,-0.03231574116946956,0.014181913964617987,0.1291904304420909,0.020129477440585162,0,1,1,0,1,0
146,0,0.0,0.0,0.0011987844166079648,-5.7441664735393555e-05,8.874833860474237e-07,-1.6635895455630306e-07,0.004406310474581759,-0.0009081483647621624,0.004149582083178949,0.11892772127684009,0.03117727099540347,0,1,0,0,1,0
147,0,0.0,0.0,0.0008077540596510002,5.281260488807643e-05,8.746681301673945e-07,-9.272583564005118e-06,0.0054540567633490356,-0.009676555051274738,0.00862726491609811,0.1123278646040172,0.032665822263318926,0,0,0,0,1,0
148,0,0.0,0.0,0.0016932616169692688,-4.325933310850641e-05,-2.3176031605123652e-06,-3.877818267363593e-06,0.003974715077778301,0.00024740582448701254,0.0012408475871477087,0.11142205101745713,0.03355841876353809,0,1,0,0,1,0
149,0,0.0,0.0,0.0006379662575149853,-0.00015809791972429266,5.949354034469811e-06,-1.765550818171762e-06,0.004694708773113371,-0.014139759701583654,0.02783709831328851,0.13182736253315866,0.023128960680253653,0,1,0,0,1,0
150,0,0.0020000000000000018,0.00016485328058028336,0.0006416070247315386,5.701215915171129e-05,3.3310018292831162e-06,-3.2523099496254565e-06,0.0025339765940494974,-0.01578030498747851,0.011919787315726182,0.14463780640129792,0.025303195052265533,0,0,0,0,1,0
151,0,0.126,0.012745296378717377,-0.006862753899448154,-8.774023851771534e-05,2.6610697471303848e-05,3.678345401605335e-05,0.011946883691583088,-0.06681830506944952,0.0072754530346084145,0.12432696906260043,0.031221144759533827,0,1,0,0,1,0
152,0,-0.022000000000000006,-0.00220485067147725,-0.0002069576278578844,-2.6614741423774263e-05,2.0758847610049484e-06,-1.686467985459396e-06,0.0032603935136626683,-0.0005167974218180937,-0.008702740427473099,0.14047615836500274,0.030780344895567188,1,1,0,1,1,0
153,0,0.0,0.0,-0.0010712001289492346,-3.5396065620578454e-06,4.140016742939416e-06,5.108494023642069e-08,0.004244894349558187,0.005794174580020739,-0.016689555957089652,0.1358921787972331,0.0320337348140398,0,1,0,1,1,0
154,0,-0.0020000000000000018,-0.00022753128555176236,0.0006879124766150935,4.411880028764095e-05,-6.100481837367951e-07,-8.049897705130382e-06,0.005075773768786707,-0.005875609695255468,0.010906326595187199,0.11332379055428676,0.03494082288213818,1,0,0,0,1,0
155,0,-0.134,-0.015639589169000934,0.010706521323385926,0.0017713880218245444,-8.594417902300228e-05,-0.0002785748054697848,0.023651856739056287,0.25945051827450905,0.04369342420157318,0.12444377093184786,0.04563590025111643,1,0,0,0,1,0
156,0,0.0,0.0,0.0017840225123227499,6.956706650795841e-06,-1.5116570295105975e-06,2.1169707170050735e-07,0.004345072722258175,0.006852763989783739,0.004057363923424262,0.12406099954750659,0.027709199421850402,0,0,0,0,1,0
157,0,0.0040000000000000036,0.00043131334914815744,-0.0010292877525825694,7.3351088468939785e-06,4.025566800737153e-06,-2.4785671210205947e-06,0.006848067307447414,0.006052084473662456,-0.012249338824209755,0.12108540296816651,0.03325871959845113,0,0,0,1,1,0
158,0,0.016000000000000014,0.000945961925032518,-0.0006822812796574568,0.00023949355854924192,4.148654933494307e-06,2.8904890331303643e-07,0.0082321279941521,0.02366501596962145,-0.041515887752785474,0.1612210523222561,0.018250523420097035,0,0,0,1,1,0
159,0,0.0,0.0,0.0010850044853065594,-4.714990056737395e-06,-1.5094307852671742e-06,-5.690131098977846e-07,0.003644267585091815,0.000542554943598228,0.0012662486710004472,0.1348408356679721,0.028296776576513066,0,1,0,0,1,0
160,0,-0.05000000000000002,-0.0029059630361501793,-0.0030175559529572182,0.00013966053084842056,-4.157646222074517e-06,9.855212116859579e-06,0.0008573458887972674,-0.009684916762509044,-0.014756546239023116,0.15783358966217162,0.018381553888842116,1,0,0,1,1,0
161,-1,0.11399999999999999,0.012669482107134918,0.13112579008969832,nan,6.799116372905949e-05,nan,0.06602133609940392,2.6653109348239785,0.514788043166333,0.09603118189520929,0.034340775570575605,0,0,0,0,1,0
162,0,-0.0020000000000000018,-0.00022820629849383892,-0.0014427838191711784,-0.0006896314946628207,1.5239219117341033e-05,3.844300404414673e-05,0.011034198113757943,0.004657277783501446,-0.01114475562046957,0.12367387432605777,0.0387462127121994,1,1,0,1,1,0
163,0,0.0,0.0,0.0010838827344201163,-4.151379355856605e-06,-1.6406963080825001e-06,-9.78827342802116e-06,0.0035627778621052653,-0.013220582008179216,0.023266901088621506,0.12058082433807993,0.029793981021225883,0,1,0,0,1,0
164,0,0.009999999999999981,0.0011081560283687925,0.0006348338072964255,-0.00024037525664548712,-3.9359997323308235e-06,-2.777369233077846e-06,0.004457497637605584,-0.00036041179252666034,-0.005249792851540036,0.13715969974788259,0.03661284705677393,0,1,0,1,1,0
165,0,0.0020000000000000018,0.00012804097311139642,0.0009373585912732241,-2.9075242936531936e-05,-2.205018477089999e-06,-3.625754156503841e-06,0.0027041670969902287,-0.006643227362729598,0.014602278730814433,0.14017267567035177,0.019685982574877695,0,1,0,0,1,0
166,0,-0.017999999999999988,-0.0022756005056890037,-0.000730186432727889,-0.0012552170005787552,-4.291336643002337e-06,-7.46407607008149e-06,-0.0011530624614298213,-0.06156881205366149,-0.004549912136024847,0.10660089677641099,0.044261693476166604,1,1,1,1,1,0
167,0,0.0,0.0,0.0014448405169744521,-4.073722371140259e-05,-2.9110912834914805e-06,-7.3686319469093e-06,0.0033404558126241823,-0.00044048699740262265,0.0015577006772860003,0.11200678324752388,0.03328286809769818,0,1,0,0,1,0
168,0,0.02400000000000002,0.0022826707247479705,-0.002187195001549652,-4.9282922236770776e-05,-3.024627607281158e-06,1.2027747494752577e-05,-0.009310293843964867,-0.012683052371045278,-0.0563969193341447,0.1473801662812387,0.03115270670260419,0,1,1,1,1,0
169,0,0.006,0.0006596306068601583,0.0005751042063673467,1.4048366426554909e-05,-1.689669777548558e-06,-5.070479355920223e-06,0.004278947618078344,-0.009297012850862485,0.005102047914643304,0.11822338251183843,0.033795909792474176,0,0,0,0,1,0
170,0,0.006000000000000227,0.0005783689994215413,-0.0006457450550216293,2.1350554877827554e-05,-2.3707482034000804e-06,-5.983182395428825e-07,-0.005575356330136422,0.016807033486083256,-0.0551602497665975,0.146052479932041,0.03181875616494237,0,0,1,1,1,0
171,0,0.0,0.0,0.0016937325026350203,3.324326364496921e-05,-3.31108887332383e-06,-6.7274649249649465e-06,0.0034070596725259417,0.004024138109717912,0.0017320220730647762,0.11687914595930339,0.031337006739159956,0,0,0,0,1,0
172,0,0.0,0.0,0.0004892067088456686,-2.6887434565608936e-06,1.5386034696241368e-06,-2.181558348102533e-06,0.002903096994053639,0.002835308906693701,-0.015112220878394034,0.11890899342881683,0.03111637049777086,0,1,0,1,1,0
173,0,-0.182,-0.015098722415795587,-0.007743549225294188,6.23118616695055e-05,8.134942282676718e-06,1.699936208442496e-05,-0.006881363907980248,-0.07556142396588883,-0.10821152534871237,0.1243334343360873,0.02560399661454458,1,0,1,1,1,0
174,0,-0.010000000000000009,-0.001171508903467667,6.968171546209434e-05,-0.0007544150989233812,-3.117192475447653e-06,-9.61415905482261e-06,0.003045148183601354,-0.021309374069172993,-0.00989132933178638,0.13151845960849548,0.042882791977019205,1,1,0,1,1,0
175,0,-0.008000000000000007,-0.0009276437847866425,0.0006305014046829316,-8.195622254062243e-05,-1.327217570648207e-06,-7.790825342801838e-06,0.005836939980347178,-0.016431454175479088,0.01718966369674524,0.110181372169509,0.03560293964524931,1,1,0,0,1,0
176,0,0.0,0.0,0.0006225300729228722,6.7739154643170485e-06,-3.8268101029172163e-07,-6.8707996146403095e-06,0.0038914038100396064,-0.0013611474424997105,0.0024228004229356337,0.1417937468913774,0.029232782310052604,0,0,0,0,1,0
177,0,-0.04200000000000004,-0.0032910202162670446,0.003638908181682915,-0.00012480367123906405,8.239839887791206e-06,-4.3265751758230116e-06,0.020538126630604087,0.006107577016353893,-0.09336341939867232,0.15222124310322221,0.024215259980451292,1,1,0,1,1,0
178,0,-5.774,-0.5013023094287203,-0.011610494341600247,-0.012484032658591868,5.1672624265481216e-05,9.417962166897097e-05,0.04035205121441088,-1.2884174887346191,0.5432347550965684,0.15691310945323553,0.027444182980858902,1,1,0,0,1,0
179,0,0.0,0.0,0.000935993863336676,1.0578668848865852e-05,1.207499226247178e-06,-4.237298497248004e-06,0.003733530552576997,-0.008295539534418861,0.00178489637729351,0.10836389658969735,0.035265044762973714,0,0,0,0,1,0
180,0,0.5660000000000001,0.04040548258138207,-0.00210840624214291,0.004701297931047427,6.399910280052159e-05,6.34445982755243e-05,0.01635374981121898,0.497547556120549,0.3014674497062062,0.1289756373734033,0.02193948079144959,0,0,0,0,1,0
181,0,0.0,0.0,0.0009879425916936163,1.595491280245026e-05,-4.558230608394352e-07,-2.5281970265038497e-06,0.004464151617367934,-0.005815967263669508,0.0061998620802858895,0.1372330628601606,0.03008717768224745,0,0,0,0,1,0
182,0,0.006000000000000002,0.0007029053420805999,0.0005706465216738094,3.9702967059598165e-05,-1.7588865453368498e-07,-6.17844833417547e-06,0.003872493695860846,-0.01527292070045183,0.0035439754829571513,0.10776401390802309,0.03599353017600582,0,0,0,0,1,0
183,0,-0.09,-0.010721944245889922,9.97802136848136e-05,-0.002816858871997615,-1.7247624090197238e-05,-0.00012179981547780344,-0.0017095364513015354,-0.0948628197418302,0.0009070301442060114,0.1044984956870555,0.047497391148886486,1,1,1,0,1,0
184,0,-0.001999999999999988,-0.0001476668635558183,0.0014349588650830608,-4.240697284257217e-06,-3.3587579338723115e-06,-5.555838290815097e-06,0.0034838838684635165,-0.004544998175982196,0.015997383089185746,0.12995906599690055,0.02270020743782284,1,1,0,0,1,0
185,0,5.958,0.6211426188490409,0.05894279930276422,0.0345983872242647,3.9022730931814525e-05,-0.000294398330242099,0.07125268112443592,2.1314303274407425,-0.017498698915675348,0.1257955279875076,0.03219581849154618,0,0,0,1,1,0
186,0,0.0,0.0,0.0010117662765981583,-9.686837891577718e-05,-2.336492207269977e-06,-4.562827774072216e-06,0.004020021080221259,-0.0007876503764061571,1.3776183568570133e-05,0.12575230631269924,0.03342452083026099,0,1,0,0,1,0
187,0,-0.128,-0.006986136884619583,0.001975752067154446,-0.0028946771292758244,-3.05455480037628e-05,-0.00015500599130515873,0.002976814626205748,0.05512038356579585,-0.022484837681588488,0.15775384058839095,0.017697171695976517,1,1,0,1,1,0
188,0,0.0,0.0,0.0011700877321333125,5.165497274431385e-06,-5.495747930313929e-07,-3.3333193567667294e-06,0.004461020914296343,-0.003198692843537021,0.0037287666562706434,0.141386492975619,0.03023837661721789,0,0,0,0,1,0
189,0,0.003999999999999976,0.0004582951420714944,0.0006228637576680823,-0.0006535219106865199,-3.3569867172437593e-06,-5.732778091020914e-06,0.0004405400273538862,-0.024835754144136413,-0.001351776318953668,0.12211478041680861,0.03820575893941419,0,1,0,1,1,0
190,0,0.0040000000000000036,0.0004525910839556467,0.0007277831281378294,-7.686898058245628e-06,-1.5639158652976624e-07,-3.4601297592890858e-06,0.005013049023180144,-0.004718883159207321,0.006975309793129991,0.12076236120901405,0.03578209108442298,0,1,0,0,1,0
191,-1,0.08200000000000074,0.008609827803443992,-0.006437375451630617,-0.0012349633435848745,-7.2477604052595315e-06,6.335981283709584e-05,-0.012864382076297282,0.07013235385644734,-0.06489257392523173,0.13532625923746122,0.0329288459369473,0,1,1,1,1,0
192,0,0.0,0.0,0.006273137737199536,0.0005672363550227738,-1.3798165567225924e-05,-7.499192777627958e-06,0.029507748734041384,0.025708393698447907,-0.1570063528595771,0.13740147606912545,0.0250645351182292,0,0,0,1,1,0
193,0,0.0019999999999997797,0.00019327406262070745,0.0033164767706053144,0.0005615722146036714,-7.480988132510741e-06,-2.0574788611722348e-05,0.005971261717987952,0.02940549428842365,0.006626636496806615,0.13259662782632595,0.030042006596111864,0,0,0,0,1,0
194,0,-0.007999999999999993,-0.0009425070688030158,0.00026066840006208625,-0.00011743255827385835,1.1679156568930246e-06,1.7456523939411608e-06,0.00390961454740435,-0.012045993158489976,-0.004930063504658744,0.11147866337682615,0.03738294858767541,1,1,0,1,1,0
195,0,-0.094,-0.011241329825400622,0.010302920801437132,0.0015841513421910244,-8.236369100540037e-05,-0.0002534660150621814,0.0247400900026008,0.2649427461441407,0.03813075202272742,0.12511560364798116,0.0456155964700925,1,0,0,0,1,0
196,0,-0.296,-0.033560090702947847,0.011562864740785606,0.003925307921170514,-6.498825722923334e-05,-0.00026014477481856236,0.02545918168566466,0.2988386584421492,0.041547769688044855,0.11815109022075744,0.04629546297120146,1,0,0,0,1,0
197,0,0.016000000000000014,0.0010524930930140772,0.002393877201253114,0.0023451104099065437,1.3333409794620034e-05,1.163037295716016e-05,-0.009211766471057842,0.10846054989042075,-0.04271293504221818,0.15560363321853032,0.02036044621332644,0,0,1,1,1,0
198,0,0.0,0.0,0.0016844846899213284,3.5114990754904485e-05,-3.164634220360527e-06,-3.0007596193326776e-06,0.0038599845618657314,-0.0006678661196650726,0.0022321996936716104,0.14416265550452967,0.028220781299652054,0,0,0,0,1,0
199,0,0.0,0.0,0.0017817157870685107,-1.2177032112103275e-05,1.9813939082907175e-06,-4.092825513526922e-07,0.003840565455442091,0.007986591212075345,0.007398085477511973,0.1357119065838095,0.024409346861643484,0,1,0,0,1,0
200,0,0.0,0.0,0.0008282657835128326,-9.339786380964388e-06,-2.825431956704049e-08,-2.2776583410642455e-06,0.002415941734968119,-0.002527619064481179,-0.003368077068342412,0.11826598285281759,0.02866544389273896,0,1,0,1,1,0
